麻疹精要,0
医案类语,0
医按,11
圣济总录,1123
东医宝筌、目录,0
小儿形症研悦,0
眼科方筌前编,0
医学入门,1016
东医宝鉴,157
日用本草,17
医学正传,423
治疟必喻,0
伤寒论,12331
黄帝内经素问钞,0
袖珍方大全,3
眼科全书,9027
证治要决,6
辨惑论,382
医方大成抄,0
证治准绳,1113
皮肤病论,13
名医方论,274
证治淮绳,4
经史证类备急本草,150
本草经,5888
伤寒撮要,2
备急千金要方,2535
惠民和剂局方,817
妇人良方大全,29
外台秘要方,394
本草蒙筌,653
诊宗三昧,18
万病回春,316
方舆,6659
金匮要略,8718
千金翼方,1063
苏沈良方,170
言舆,2
北山医话,0
金匮玉函要略集注,0
黄帝明堂灸经,41
名方类证医书大全,15
素问入式运气论舆,0
图解素问要旨论,8
外科正宗,930
药性要略大全,4
明论医方,3
幼科发挥,149
济世全书,11
寿世保元,585
炮灸全书,2
温疫论,446
医书六种,82
扶寿精方,29
行余医言,1
红疹方,0
寓意草,168
本草备要,908
本草备要二首目,0
本草备要四附经络歌括医方汤头歌括,0
愿体广类二集,0
太平惠民和剂局方,812
医方口诀集,0
医通纂要,1
本草纲目启蒙,10
古今方汇,1
巢氏诸病源候总论,34
儒门事亲,903
孙真人备急千金要方三十目录,0
素问玄机原病式,477
断毒论,1
麝考卷,0
伤寒金镜录,36
草古义,0
释文黄帝内经素问遗篇一灵枢经,0
何首乌解说,0
黄先生医书八种,0
本草拾遗,416
小儿痘疹方论,13
太平圣惠方一百,2
金匮钩玄,105
脉因证治,72
铜人腧穴针灸图经,107
如宜妙济回生捷录,0
大观本草,224
针灸大全,365
太医院颁行内外诸科方论百代医宗,0
幼幼集成,271
明医指掌,86
众方规矩大全,0
痘疮经验方,0
仲景全书金匮要略论注,0
仲景全书伤寒论注,17
锦囊秘录,170
医喻经,5
眼科审视瑶函,1
医道日用纲目,0
肘后备急方,937
丸散方,3
玉函经,224
御药院方,106
御药院方十序目,0
癍论萃英,0
医垒元戎,15
此事难知,59
增补士材三书,1
外科要方,0
用药便览,1
伤寒直格,50
伤寒论口义,0
中藏经,466
针灸易学,27
方极口诀,0
太素脉,11
女科撮要,50
本草纲目总目,0
医家人名录,0
痘疹全集,0
医林改错,1411
类证治裁,606
冷庐医话,135
幼科良方,1
治疟心喻,0
救急摘方,0
医贯,501
药能识,0
药名考,5
钱氏小儿方诀,2
药性记辨解,0
内经素问灵枢合编,7
活幼全书,0
疹子心法,0
证治类方,3
证治要诀,168
治证类方,0
痘诊治法玉函集,0
药性赋卷一至五,0
医方大成钞,0
薛氏医案附方,0
小儿药证直诀三附方别附,0
先采药录,0
麻疹方,0
抱朴子内.外篇,5
医宗必读,872
医宗必读十序目,0
锦囊外疗秘录,0
颐生微论,29
经史类证备急本草,2
药名便览,0
外台秘要四十目录,0
本草蒙筌十二附,0
难经统宗,0
济氏良方,0
广嗣纪要,38
痘疹大成集览,0
脉经,635
图注脉诀规正,0
订补古今医鉴,0
养生手引草卷下,0
本草从新,740
遵生八笺,756
回春秘话,0
幼科保赤心法图说,0
药名备考和训钞卷之一至七,0
瘟疫论,190
瘟疫论并翼诀,0
岭南卫生方,92
岭南卫生方二附募原偶记,0
救急易方,0
本草纲目序目,0
陈氏小儿病源方论,6
妇人大全良方,475
花冈书三,0
活幼心书决证诗赋,1
金匮要略心典,581
救荒本草补遗卷九,0
钱氏小儿药证直诀,4
王朴庄伤寒论注,1
医学读书记,60
种痘新书,11
周宪王救荒本草,1
]外科正宗,930
妇人良方补遗大全,1
洁古老人注王叔和脉诀,2
金匮要略方论,714
类要图注本草,0
名方类证医书大全抄,0
名方类证医书大全二十四序目,0
名方类证医书大全二十四医学源流,0
南北经验医方大成,3
伤寒论注解,32
万病回春集,0
西方子明堂灸经,16
医学正传：医学或问,6
张仲景注解发微论,0
证类图注本草,0
子午流注针经,67
马医方,14
八十难经图要,0
孙真人千金方,79
穷乡便方,2
陶节庵家藏伤寒六书,0
陶节庵家藏伤寒书,0
痰火点雪,18
补铜人腧穴针灸图经,0
补注释文黄帝内经素问,4
陈养晦先生伤寒五法,0
褚氏遗书,43
丹溪先生医书纂要,1
东垣十书,48
风科本草治风药品,0
风科集验名方,4
福氏遗书,0
广成先生玉函经,2
和剂局方增广太平,0
河间刘守真伤寒论方·伤寒直格共三后集续集,0
河间刘守真伤寒伤寒直格,0
黄帝明堂炙经,1
黄帝内经灵枢,1769
黄帝内经灵枢集注,279
惠民御药院方,0
活人妙法针经,0
监本安骥药方,0
简明医彀八首,0
京本活人心方,0
类校妇人良方补遗大全,0
黎居士简易方论,3
刘河间伤寒直格,0
秘传痘疹金镜录,0
秘授外科百效全书,1
明医秘传济世奇方)万疴必愈,0
明医秘传济世奇方万疴必愈,0
明医杂著,176
仁斋伤寒类书活人总括,0
仁斋直指,292
仁斋直指方,231
仁斋直指方论二十六目录,0
仁斋直指方论正脉真经,0
仁斋直指附遗方论,17
伤寒家秘的本,1
伤寒家秘杀车槌法方,0
伤寒明理续论,6
伤寒琐言,2
伤寒提金,0
八太家参并名医方考)医家赤帜益辨全书,0
十四经络发挥,1
素问入式奥运气论,0
素问入式运气论奥三附运气论奥得助图,0
太医院校正图注指南王叔和脉诀,0
汤液本草,429
通真子补注王叔和脉诀,2
铜人针灸经,9
万氏家传幼科发挥,18
王氏脉经,6
温故秘录,0
勿听子俗解八十一难经,10
勿听子俗解八十难经六图要,0
勿听子俗解脉诀,0
晞范句解十一难经,0
校正安骥集,2
续添是斋百一选方,1
医家必用,0
医林状言寿世保元,0
医林状元济世全书,2
幼科百效全书,7
玉机微义,50
云林神彀,3
张子和心镜,2
张子和心镜直格别集,0
种杏仙方,8
庄季裕编灸膏肓?穴法,0
黄帝内经素问十二素问遗编,0
本草真诠,6
活人心法,5
眼科七十二症全书,11
仁汇编,19
药性大全,9
保生心鉴,3
官板秘传加减十三方,0
广嗣要语附论,0
华佗内照图,3
黄氏遗书,24
脉诀刊误,34
脉诀刊误二附录,0
全补医方便懦,0
伤寒六书纂要辨疑,1
食鉴本草,20
素问悬解,48
温隐居海上仙方,0
养生导引法,16
幼科急救推拿奇法,0
丹溪秘藏幼科捷径全书,0
本草药性大全八首,0
伤寒活人指掌,0
新刊明医杂著,0
医学原理,1181
孙真人海上仙方,0
脉诀指掌病式图说,0
医术方旨,0
医术方旨七首,0
官板加减十三方,0
太医院鳌头诸症辨疑,0
御院秘传补遗痘疹辨疑全幼录,0
云林神谷,0
正华先生中藏经,0
内经素问次注,1
中藏经八目,0
脉学本草医方全书,1
素问运气图括定局立成,0
无冤录,40
一本堂药选,4
鸿宝秘要抄脉诀,0
医约八目,0
遵生八笺十九·序目,0
明堂之图,30
宋本伤寒论,142
医家秘奥,10
扁鹊仓公传,14
周慎斋先生医家秘奥,0
推拿广意,28
伤寒尚论篇编次仲景原文,0
伤寒尚论篇全书,0
医宗金鉴八函,0
医宗金鉴五种,0
医宗全鉴,12
注解伤寒论,764
痘科键,1
救民妙药集,0
片王六八本草上、下,0
伤寒辨证录,0
万氏女科,25
卫生鸿宝,2
医宗必读全书,0
饮膳摘要,0
本草备要（四卷，现存二卷，即三.四卷),0
本草备要卷上、下,0
本草备要卷之一至四,0
本草备要四医方汤头歌括,0
伤暑全书,9
洗冤录,127
本草纲目第一至五二卷、同拾遗卷一至一0、本草万方针线、奇经八脉考共,0
太平和剂图经本草药性总论,0
太平惠民和剂局方序,1
本草药性总论卷上、下,0
医门捧喝,2
类证话人书,0
类证活人书二十二释音伤寒药性辨误,0
外科精要,131
张仲景伤寒论证治发明溯源集十首,0
伤寒总病论扎记,0
本草从新卷一至六,0
本草纲目卷之一至五二,0
本草纲目启蒙卷之一至四八,0
本草纲目五十二卷·脉诀考证·频湖脉学·奇经八脉考,0
傅青主女科,1413
王焘先生)外台秘要方,1
婴童百问,57
肘后百一方,17
补注黄帝内经素问,407
补注黄帝内经素问内经灵枢,0
黄帝内经素问卷一至二四,0
食物本草会纂,5
巢氏诸病源候总论五十目,0
经史证类大观全本草,0
经史证类大全本草,8
内阁秘传字府,0
体仁汇编,3
[重刊脉学奇经八脉,0
秘传花镜,7
太乙仙制本草药性大全八首,0
轩岐救正论,31
政和经史证类备用本草,1098
植物名实图考卷之一至三八,0
经史证类备急本草卷一至三十,0
经史证类备急本草卷之一至三十,0
经史证类备急本草目录,0
《伤寒辨舌金镜录》,0
《伤寒世验精法》,0
类聚方集成,0
药性提要,1
医事古言,1
握灵本草,45
此事难知集,0
袖中家传书,0
医学警悟,0
药种名寄账,0
药种名寄账后集,0
石药尔雅上下,0
外科秘要集,0
古方权量说,2
伤寒百问歌,5
肿病工案,0
病机汇论,18
外科济世经验心方奇方,0
方舆輗,0
金兰方,0
引经诀,0
〔新编〕金匮玉函要略方论,0
〔新编〕名方类证医书大全,2
〔新编〕外治方鉴上下,0
〔新编〕医学正传,0
〔新订增补〕和兰药镜,1
〔新镌陶节庵家藏〕伤寒书,0
〔新刊〕补注释文黄帝内经素问,2
〔新刊〕黄帝明堂灸经上中下,0
〔新刊〕黄帝内经灵枢,7
〔新刊〕鲁府禁方,1
〔新刊〕明医杂著,0
〔新刊〕素问入式运气论奥,1
〔新刊〕素问入式运气论奥上中下,0
〔新刊〕外科正宗,1
〔新刊〕万病回春,1
〔新刊〕万氏家传幼科发挥卷下,0
〔新刊〕温故秘录,0
〔新刊〕勿听子俗解八十难经,0
〔新刊〕勿听子俗解八十一难经,1
〔新刊〕续添是斋百一选方,1
〔新刊〕医林状元济世全书,1
〔新刊〕种杏仙方,1
〔新刊〕注释素问玄机原病式,0
〔新刊王氏〕脉经,1
〔新刊医林状元〕寿世保元,2
〔新刻〕褚氏遗书,0
〔新刻〕脉诀刊误上下,0
〔新刻〕伤寒活人指掌补注辨疑,0
〔新刻〕食鉴本草,0
〔新刻〕幼科急救推拿奇法上中下,0
〔新刻〕针医参补马经大全,0
〔新刻秘授〕外科百效全书,0
〔新刻万氏家传〕广嗣纪要,0
〔新锲〕云林神彀,0
〔新锲御院秘传补遗〕痘疹辨疑金镜录,0
〔新校正华先生〕中藏经,0
〔袖珍〕本草隽,0
〔袖珍〕医方大成,0
〔药方书断简〕,0
〔医学质验五种〕产科发蒙,0
〔医学质验五种〕青囊琐探,0
〔医学质验信集〕青囊琐探,0
〔影宋本〕外台秘要方,0
〔渊々堂〕挨穴寸尺法,0
〔元板翻刻〕千金方,0
〔阅甫〕食物本草,0
〔增订〕本草备要,0
〔增广〕太平和剂局方,0
〔增修〕严氏济生方,0
〔张氏医通〕伤寒舌鉴,0
〔真本〕千金方,4
〔重订〕古今方汇,0
〔重广补注〕黄帝内经素问,388
〔重刊〕本草备要,0
救荒本草和名选,0
阿兰陀膏药用法,0
阿兰陀药油制法并图,0
阿兰陀制药并用法,0
阿兰陀制药功能,0
挨穴集说,0
挨穴捷径,0
挨穴秘书,0
挨穴明辨,0
挨穴图说,0
挨穴资蒙,0
艾灸通说,12
艾灸通讯,0
爱日精卢藏书志,1
安老怀幼书,2
安老怀幼书计,0
安老书,2
按腹图解,4
按腹针术,0
按摩手引,2
按种扁鹊仓公列传,0
按种扁鹊仓公列传一种,0
按种附薛按内科摘要,0
按种易思兰医按,0
敖氏伤寒金镜录,36
鳌头素问机原病式,0
鼇头附方麻疹精要,0
八大家医传,0
八十一难经抄,0
八十一难经图要,0
八十难经注义图序论,0
白喉修辨,0
白喉治法忌表抉微,4
百病回春,0
百病论,0
百品考,0
百品考编,0
百品考编三编,0
百品考三编,0
癍疹萃英,0
宝产育婴养生录,0
宝丹经验录,0
宝素名言秘录,0
保产机要,0
保产心法,0
保赤汇编十七,0
保赤联珠,0
保赤全书,0
保赤新编,5
保户论,0
保健丛书,20
保全生命论,0
保生碎事,2
保生胎养良方,0
保生心鉴附活人心法附,0
保生要录,13
保生余录,1
保生馀录,0
保生月录,0
保嗣痘疹灵验仙书,0
保胎种子国音篡要,0
保童水鉴,0
保婴撮要,55
保婴撮要续集,0
保婴良方,0
保婴录,0
保婴录山谷便方、,0
保婴全镜录,0
保婴全书,3
保婴须知,0
保婴易知录,3
保幼新编,6
保元堂药目,0
葆光道人秘傅眼科,0
抱朴子内篇外篇,0
抱乙子幼科指掌遗稿,0
暴证知要,0
北窗琐谈,0
北齐医方,0
北山医案,2
北山医话前集,0
北山医荣,0
北山友松子医案,0
北山友松子医案附大明老人用药方一,0
贝原先生养生说,0
贝原养生训,0
备荒草木图,0
备急灸法,43
备急灸法附针灸择日编集附,0
备急良方,0
备急千金要方三十附,0
备急千金要方孙真人,0
备全古今便良方,0
备全古今十便良方四十卷缺第十三至第二十一第二十三至第三十,0
备全古今十便良方四十卷缺卷第七第十三至第二十一,0
备全总效方,0
本草奥义问答,0
本草必读本草纲目篡必读五种四十七卷32册,0
本草必阅,0
本草便读,218
本草辨明,0
本草辨疑,0
本草辨疑卷一至五,0
本草乘雅半偈,238
本草崇原,254
本草从新卷一至一八,0
本草从新十八药性总义十八,0
本草撮要,37
本草大义卷首、卷一至四,0
本草定衡,1
本草洞诠,8
本草发挥,30
本草发挥卷之一至四,0
本草发解,0
本草发明,16
本草发明蒙筌二首名医考一总论一,0
本草发明切要,0
本草发明切要六卷缺卷第一第二,0
本草方汇,0
本草分经,60
本草分类,3
本草逢原,57
本草附方便览,0
本草概要,83
本草纲疏要精编,0
本草纲纂疏卷一至一0、一二至二0,0
本草古义,0
本草和解卷一至七,0
本草和名钞卷上、中、下,0
本草和名考上、下,0
本草和名上、下,0
本草和名下,0
本草和名字类,0
本草喉襟,0
本草汇,498
本草或问,0
本草集方,0
本草集要,22
本草集注序录残,0
本草集注序录残一卷存卷第一,0
本草简明图说,1
本草讲义,9
本草经百种录,179
本草经百种录上、中、下品,0
本草经集注,959
本草经集注附集注本草解说,0
本草经解,131
本草经解四附余,0
本草经解要附余,0
本草经解要卷一至四,0
本草经解要四附余,0
本草经考注,68
本草经本草经疏,0
本草经疏辑要,10
本草经序例笺注,0
本草类编选日本敕号记,0
本草类方卷之一至一0,0
本草类函要领,0
本草类纂必读,0
本草蒙筌图,0
本草明辨,0
本草品汇,640
本草品汇精要残二十三卷存卷第二十至第四十二,0
本草品汇精要残三卷存卷首卷第一第二,0
本草品汇精要四十首一附续集十脉诀四言举要四十首一附十,0
本草品汇精要四二续集,0
本草品汇精要校勘记,1
本草启蒙名疏卷一至七,0
本草启牖卷一至四,0
本草求真,799
本草求真附脉理求真,0
本草求真九附脉理求真,0
本草求真九图一主治二脉理求真九一二,0
本草求真九主治二脉理求真九二,0
本草求真九主治二图九二,0
本草求真末附《脉理求真》,0
本草求真十脉理求真十,0
本草权度,0
本草筌卷一至五,0
本草三家合注附神农本草经百种录六附,0
本草三家合注六附神农本草经百种录六附,0
本草诗笺,3
本草诗笺卷一至一0,0
本草食物篡要,0
本草述钩元,242
本草思辨录,167
本草思辨录四首,0
本草通玄,68
本草通玄卷上、下,0
本草图谱,46
本草图谱第,5
本草图谱卷七三、七七,0
本草图谱卷三四、三五,0
本草图谱卷五三至五四、六一至六二、六四至七二、七五、八四、九三至九五,0
本草图谱卷之五0、五二,0
本草图谱卷之五至八,0
本草图谱五-,0
本草图谱总目,0
本草图翼,2
本草万方钱齐,0
本草万方针线八本草药品总目八、,0
本草万方针线八附本草药品总目,0
本草万方针线卷之一至八,0
本草万方针线总目,0
本草文献解说,0
本草问答,79
本草问答卷上、下,0
本草新编,446
本草新编残一卷存卷一第宫集,0
本草序例抄卷一至七,0
本草序例官爵考,0
本草选,4
本草选馀备考,0
本草衍义,635
本草衍义补遗,40
本草衍义二十补遗,0
本草衍义二十附附录,0
本草衍义二十附录,0
本草衍义二十附校记,0
本草衍义二十目录,0
本草衍义卷第一至二0,0
本草药辨卷之一至五,0
本草药名备考和训抄,0
本草药性赋,1
本草要录,0
本草要略,0
本草要正,0
本草医旨食物类卷第一.第三阙,0
本草医旨食物类五附山公医旨,0
本草用法研究,13
本草鱼类正譌全图,0
本草馀纂,0
本草原始,202
本草原始〔拔草〕,0
本草原始附雷公炮制,0
本草原始合雷公炮制,0
本草原始卷一至一二,0
本草原始卷之一至一二,0
本草源流论卷一至八,0
本草约编,6
本草摘要,0
本草摘要备忘录一卷附简明表,0
本草真铨,0
本草正譌第一至,0
本草正譌卷之一至三二,0
本草正义,267
本草正正譌,0
本朝古今医林传,0
本朝食鉴,1
本朝食鉴卷一至一二,0
本朝食筌,0
本朝食谈,0
本朝医家古籍考,0
本朝医考,1
本朝医考卷上、下,0
本朝医考卷下,0
本朝医考上中下,0
本朝医人传,0
本朝医谈,0
本朝医谈编二编,0
本道医疗近路,0
本经便读,0
本经逢原,440
本经逢原存卷三,0
本经逢原卷一至四,0
本经逢源,64
本经疏证十二续疏六序疏要十二六,0
本经疏证十二续疏证六序疏要十二六,0
本经序疏要,5
本经序疏要八续疏八,0
本经续疏,11
本科往,0
本事方释义,9
本心斋蔬食谱,10
本药逢原,0
笔花医镜,88
笔花医镜卷二或卷三,0
必用医学须知,0
辟瘟新房,0
辟疫神方,0
碧霞采补长生秘要,1
编集诸家婴儿病证幼幼方论,1
编辑妇科心法要诀,1
编辑四诊心法要诀下,0
编辑运气要诀,0
编注医学入门,2
编注医学入门内集,0
编注医学入门内外集,0
编注医学入门七卷卷首,0
编注医学入门七首,0
编注医学入门七首二,0
编注医学入门七首一,0
扁仓传割解,0
扁仓传割解上下,0
扁仓传汇考,0
扁仓侍割解,0
扁鹊八十难经辨正条例,0
扁鹊仓公传备考,0
扁鹊仓公传汇考,2
扁鹊仓公传汇志,0
扁鹊仓公传考略,0
扁鹊仓公列传割解,4
扁鹊仓公列傅第四十五,0
扁鹊仓公列傅即史记第百,0
扁鹊传汇考,0
扁鹊传解,0
扁鹊传正解,0
扁鹊神应针灸玉龙经,74
扁鹊心书,199
扁鹊心书三神方一,0
扁鹊志志,0
扁食传注,0
便产须知,1
便元集,0
辨斥医断,0
辨斥医谈,0
辨付医断,0
辨斤医断,0
辨脉法篇平脉法篇,0
辨脉法篇一平脉法篇一,0
辨伤寒论,10
辨瘟疫论,0
辨医断,0
辨医断附录,0
辨疫琐言,7
辨针医断,0
辨证方药药合编,0
辨证方药正传,0
辨证录十四洞垣全书脉诀阐徽十四、,0
辨证配剂医证,0
辨证奇闻,57
辨证奇闻十卷缺卷第三,0
辨症录,1
辩惑论,33
标题徐状元补注蒙求,0
濒湖脉学一附脉考证一奇经八脉考一,0
濒湖脉学一脉诀考证一奇经八脉考一,0
濒湖脉学一脉学考证一奇经脉八考一,0
病保汇解,0
病机赋,0
病机汇论一卷存卷第十五.脚气门,0
病机沙篆,7
病机药性歌赋,0
病机要旨,0
病理撮要,0
病名汇解,0
病名汇解七,0
病气沙篆,0
病相元精录,0
病因备考,0
病因精义,0
病因考,1
病因论治,48
病因脉治,12
病因问答,0
博爱心鉴痘疹,0
博爱心鉴发明全书,0
博爱心鉴上下,0
博集稀痘方论,0
博济方,114
博济堂脚气提要,0
博物馆所藏本草目录,0
博物知本,1
博物志续,0
补要袖珍小儿方论,0
补遗珍珠囊药性赋,0
补正医案类语,0
补注丹溪先生纂要大全,0
补注黄帝内经素问二四素问遗篇一附黄帝内经灵枢二,0
补注黄帝内经素问二四末,0
补注十四经,0
补注释文黄帝内经素问残,0
补注释文黄帝内经素问十二附遗篇,0
补注释文黄帝内经素问十二遗篇,0
补注释文黄帝素问灵枢经,0
补注温疫论,3
补注瘟疫论,0
补注洗冤录集证,17
补注洗冤录集证总目,0
不同类聚方,0
不药良方二续集,0
不知医必要,11
采艾编三首,0
采芳随笔,2
采药使记,0
菜根潭,8
菜谱三首,0
蔡氏小儿痘疹方论,0
参订仙传外科秘方,0
苍生司令,0
苍生司命,18
苍生司命八首一,0
藏府标本药式,0
藏府性鉴,1
藏上标本药式,0
藏志,521
藏志并附录,0
草本性谱,0
草窗诀,0
草木虫鱼疏,24
茶经,2141
茶经详说,0
茶谱,192
茶史,451
察病龟鉴,0
察病指南,20
察病指南抄,0
察病指南上中下,0
察脉神诀,0
察舌辨症新法,5
察证辨治启迪集,0
禅本草,0
禅门本草,0
禅门本草补,0
产宝百问,1
产宝杂录,4
产宝诸方,1
产航,0
产家达生编,0
产鉴,11
产经,5101
产经二附录,0
产科奥术,0
产科达生编,0
产科发蒙六卷序一,0
产科论,2
产科秘录,0
产科全书秘本,1
产科手术秘录,0
产科琐言,1
产科新论,0
产论翼,0
产论翼二卷附录,0
产论翼二卷及附录,0
产论翼附论验,0
产论翼附治验28条,0
产论翼乾,0
产书,63
产育宝庆方,0
产育宝庆集,7
产育宝庆集方,1
产育论,0
产育全书拔萃,0
产孕集,8
昌邑黄先生医书八种,0
长沙方歌括,86
长沙药解,117
长沙正经证汇,0
长沙正绝证汇,0
长生疗养方,0
长寿经,6
长寿养生论,0
常山方,0
常山敬斋杨先生针灸全书,0
常用的中药,7756
巢氏病源,30
巢氏病源补养宣导法,0
巢氏病源新养宣导法,0
巢氏诸病源侯论,2
巢氏诸病源侯总论,5
巢氏诸病源候论校,0
朝鲜人参耕作记,1
朝鲜医问答,2
陈蔡痘疹方论,0
陈蔡二先生合并痘疹方,0
陈藏器本草拾遗,42
陈代小和痘疹方论,0
陈氏集验小儿痘疹方,0
陈氏家传如宜妙济回生捷录,0
陈氏伤寒近编各,0
陈氏小儿痘疹方论,9
陈氏药理近考,0
陈氏药理新考,0
陈氏医学近编,0
陈氏诊视近纂,0
陈文华外科秘方,0
陈希夷二十四气坐功导引治病图说,0
陈修园公余医录四种,0
陈修园种,0
陈修园先生医书四十八种,0
陈修园医书二十三种,0
陈修园医书六十四种,0
陈修园医书三十二种48(下帙)59,0
陈修园医书三二种,0
陈修园医书四十种,0
陈修园医书五十种,2
陈修园医书五种一百,0
陈修园医说抄录,0
陈修园医谈,0
陈振先采药录,0
成方切用,109
成方切用十二首末总义,0
诚书,124
程氏家传经验痧麻痘疹秘妙集要,0
程氏释方,1
程氏医彀医类,0
程氏易简方论,0
程松崖先生眼科,2
程斋医抄撮要,0
吃茶养生记,27
吃茶养生记上下,0
池田唇舌诀,0
池田家痘疮记闻,0
齿の养生,0
斥医断,2
赤凤髓二炼形内旨一玉亟秘典一金笥玄玄一附骚坛秘语三,0
赤泉元筌,0
赤水玄珠,263
赤水玄珠全集,71
赤水玄珠基旨绪馀二医案五,0
赤水玄珠三十医旨绪余二医案,0
赤水玄珠医旨绪余二医案五,0
赤水玄珠医旨绪馀二医案五,0
赤水玄珠六·医案,0
赤水玄珠医案,2
赤水玄珠医案十三,0
瘛狗伤考,0
虫鉴,1
出痘见症,0
出证配剂,0
褚氏遣书,0
褚氏遗言,0
传家秘宝脉证口诀并方,0
传尸病廿五方,0
传信适用方,45
传信尤易方,0
传症汇编二十附问答,0
传中明理録,0
传忠录,61
串雅各,0
串雅补,18
串雅内编,50
串雅内篇,4
串雅内外编,30
串雅外编,28
疮科琐言,0
疮疡经验,74
疮疡经验全书,57
疮约言,0
春脚集,3
春林轩丸散方,0
春林轩丸散方考,0
春林轩丸散录,0
春林轩疡科方筌,0
春温三字诀,1
春熙药室藏方,0
醇生庵育产全书,0
蠢子医,18
词家便览萧曹遗,10
慈惠方,0
慈济方,1
慈溪刘廷祯中西骨格辩正,0
慈谿刘廷桢中西骨格辨正,0
慈幼筏,1
慈幼筏十二首,0
慈幼秘传,0
慈幼秘诀,0
慈幼心传,0
慈幼新书,4
慈幼新书十二卷首一卷即慈幼筏,0
刺灸心法要诀,29
刺疗捷法,1
刺络编,0
丛桂草堂医案,0
丛桂偶记,1
丛桂偶论,0
丛桂亭藏方,0
丛桂亭偶记,0
丛桂亭医高小京,0
丛桂亭医高小言,0
丛桂亭医事小言,0
徂来先生素问评一卷附素问批点,0
徂徕先生素问评,1
崔真人脉诀,2
存诚药室本邦医书目,0
存存斋医话稿,19
寸耕堂医案,0
撮要便览本草蒙荃,0
撮要便览本草蒙荃十二首,0
达观堂新镌生的镜,0
达观堂新镌苏生的镜,1
达仁堂药目,1
达生编二帙,0
达生编三卷附疟痢奇,0
达生录,0
达生秘书,0
达生偏,0
达生篇,83
大丹直指,26
大德济阴方残本,0
大德重校圣济总录,3
大德重校圣济总录存,0
大德重校圣济总录存一百,0
大德重校圣济总录二○○,0
大德重校圣济总录二百,0
大观经史证类本草,0
大观正类本草图,0
大观证类本草,2
大观证类本草图,0
大广益会玉篇,431
大和本草,8
大和本草附录·同诸品图,0
大和本草卷之一至六、附录卷之一、二,0
大和本草卷之一至一二、一四至一六,0
大和本草卷之一至一六,0
大和本草批正,0
大河外科,1
大明独立老人用药方,0
大明琢周针法一轴,0
大全妇人良方,0
大同类聚方,1
大同类聚方第1---6,0
大同类聚方一百,0
大倭本草,0
大须真福寺所藏故纸中涉医事者抄写,0
大雅堂辨证录,0
大医习业,18
大医习业：千金方卷一,0
戴笠曼公传奥秘唇舌图说,0
戴曼公唇舌秘方,0
戴曼公唇舌图诀,0
戴曼公痘疹唇,0
戴曼公痘疹唇舌口秘诀,0
戴曼公痘疹唇舌秘诀,0
戴曼公痘疹治术传,0
戴曼公先生治痘法,0
戴曼公先生治痘用方,0
戴曼公治痘秘中之真秘,0
戴曼公治痘用方,0
戴人张子和先生十形疗,0
戴人张子和治法杂论,0
丹水子,0
丹台玉案,41
丹溪乎镜,0
丹溪脉因证治,1
丹溪秘传方诀,0
丹溪手镜,62
丹溪先生金匮钩玄,1
丹溪先生金匮钧玄,0
丹溪先生金匮良方,0
丹溪先生实记,0
丹溪先生心法五卷·附录,0
丹溪先生心法五卷附录一,0
丹溪先生心法五附录,0
丹溪先生心法五附录一,0
丹溪先生医学全书,0
丹溪先生医著四种,0
丹溪先生遗稿,0
丹溪先生治法心要,3
丹溪先生治验医案,0
丹溪心法粹,0
丹溪心法附录一,0
丹溪心法附论,0
丹溪心法附余,43
丹溪心法附余二十四首,0
丹溪心法附馀,4
丹溪心法五附录,0
丹溪医书纂要,0
丹溪朱氏脉因证治,0
丹溪朱先生医书纂要心法,0
丹溪纂要,3
单验方解毒编,0
澹寮集验秘方,1
当归草堂医学丛书初编,1
导窍私录,0
导水琐言,0
道三翁养生物语,0
得配本草,406
得心集医案,25
得宜本草,5
帝国医家大史传,0
滇南本草,885
癫痫门,1
典药,14
吊脚痧方论,4
调燮类编,36
调燮类篇,0
疔疮要诀,0
鼎雕陈氏家传如宜妙济回生捷录,0
鼎雕太医院校正徐氏针灸大全,0
鼎雕铜人腧穴针灸图经,0
鼎刻京板太医院校正分类青囊药性赋,1
鼎刻京板太医院校正增青囊医方捷径,0
鼎锲百代医宗,0
鼎锲幼幼集成,0
订补明医指掌,0
订正东医宝鉴,0
订正东医宝鉴计,0
订正东医宝鉴目录,0
订正东医宝鉴内景篇四外景篇四难病篇十一汤液篇三针灸篇一目录,0
订正东医宝誉,0
订正金匮要略注,12
订正伤寒论注,17
订正伤寒注,1
订正仲景全书金匮要略注,17
订正仲景全书伤寒论注,17
订字标注伤寒论,0
东洞家藏方,0
东洞全集,8
东洞氏方函附方,0
东洞先生答问,0
东洞先生答问书,0
东洞先生十二律方,0
东洞先生药徵,0
东洞先生遗稿,0
东洞先生遗校,0
东洞遗稿,1
东郭杂话,0
东门随笔,0
东门先生随笔,0
东瓯张氏清源活水保婴痘证百问歌,0
东医宝鉴(题签,0
东医宝鉴二十三,0
东医宝鉴十三目录,0
东医宝鉴内景篇卷之一至四、外形篇卷之一至四、杂病篇卷一至一一、汤液篇卷之一至三、针灸篇、目录卷上、下,0
东医宝鉴汤液篇,1
东医宝鉴杂病篇,4
东医宝鑑,7
东医寿世保元,109
东医四象锦囊宝诀,0
东医四象诊疗医典,24
东垣处方用药指掌珍珠囊,0
东垣伤寒正脉,0
东垣书,0
东垣十书二十，首,0
东垣十书十种,0
东垣试效方,93
东垣先生处方用药指掌珍珠囊,0
东垣先生此事难知,0
东垣先生此事难知集,0
东垣先生此事难知集此事难知,0
东垣先生此事难知集二-,0
东垣先生伤寒正脉,0
东垣先生试效方,6
东垣先生医学纲目,0
东垣先生用药处方指掌珍珠囊,0
东垣药性大全,0
东垣医学发明,5
东庄医案,1
董氏小儿班疹备急方论,0
董氏小儿斑疹备急方论,5
董氏小儿斑疹备急方论附方,0
动动集成,0
洞天奥旨,76
洞天奥旨外科秘录,0
洞玄子,14
洞主仙师白喉治法忌辰抉微,0
都邑师道兴造石像记并治疾方,0
痘辨,0
痘疮百死证传,0
痘疮策,0
痘疮经验新方,0
痘疮水镜录,0
痘疮新论,0
痘疮养育,0
痘疮治术传,0
痘家看病心得,0
痘经大全,0
痘经会成,0
痘糠辑要,0
痘科扼要,1
痘科方选,0
痘科汇编,1
痘科汇编释意,0
痘科汇编五附痘科诸药本草,0
痘科辑说,0
痘科键存下,0
痘科键二附麻疹,0
痘科键删正补注,0
痘科键上下,0
痘科金镜赋,4
痘科类编释意附药性三附,0
痘科类编释意三附,0
痘科秘传,0
痘科秘传玉髓金镜录,0
痘科切要,0
痘科心法要诀,0
痘科约囊,0
痘痧心法,0
痘学真传,2
痘学真傅,0
痘诊活幼心法,0
痘疹百死形状传,0
痘疹百问歌,0
痘疹辨义,0
痘疹博爱心鉴,0
痘疹传心录,2
痘疹传心录十八附种痘,0
痘疹传心录一附种痘一,0
痘疹唇舌秘诀上下,0
痘疹慈航,2
痘疹慈幼津,0
痘疹定论,16
痘疹发微,0
痘疹格致要论,0
痘疹会通,1
痘疹会通附,0
痘疹活动心法,0
痘疹活幼心法,2
痘疹活幼心法附说,0
痘疹集成,1
痘疹集成四麻疹集成,0
痘疹纪闻池田家传,0
痘疹经验全集,0
痘疹经验要方,0
痘疹救逆方,0
痘疹秘要,1
痘疹全婴金镜录,0
痘疹铨,1
痘疹仁端录,3
痘疹世医心法,4
痘疹世医心法卷十二,0
痘疹四合全书,0
痘疹碎金赋,0
痘疹心法秘诀,0
痘疹心法要诀,2
痘疹心书,0
痘疹心要,0
痘疹心要全书,0
痘疹心印,1
痘疹玄机方,0
痘疹选抄秘诀,0
痘疹要诀,0
痘疹要略,0
痘疹一览,0
痘疹医镜,0
痘疹幼幼心书,0
痘疹玉髓存卷下,0
痘疹玉髓金镜录,0
痘疹折衷,0
痘疹正宗,2
痘疹正宗原本,0
痘疹证治要略,0
痘疹直指方,0
痘疹治传附发热疑似程方,0
痘疹治方录,0
痘疹治术传附一卷痘疹百死形状传,0
痘疹致要,0
痘疹专门,3
痘疹专门秘授,2
痘证宝筏,2
痘证理辨,0
痘症精言,0
痘症秘录,0
痘症总括国语歌,0
痘治理辨,5
痘治理辨附方,0
窦氏秘方,0
窦太师流注指要赋,0
窦太师全书,0
毒药考,0
毒证要略,0
读本草快编,3
读过伤寒论,19
读甲乙经丙要略,0
读素问抄九补遗,0
读素问钞三补遗,0
读医随笔,344
读肘后方,1
独秀峰题壁诗,7
端本堂考正脉镜,0
短要方,0
对症方选,0
对症用药赋,0
敦煌石室古本草,7
顿医抄第一至一0,0
儿科撮要,1
儿科方要,0
儿科醒,4
儿科选粹太乙仙傅活婴秘旨推拿方〓,0
儿科选粹太乙仙傅活婴秘旨推拿方脉,0
尔雅注疏,1319
二火辨妄,1
二刻太医院考症增补医方捷径指南全书,0
六功课,0
二六功课,0
二如亭群芳谱,70
二神传,1
蕃牧纂验方,3
范村梅谱,27
范待用家传方药,0
方的,1619458
方函附东洋山胁经验方,0
方汇续貂,0
方机,127
方极下,0
方极元版方,0
方铃,50
方脉目病合参,0
方钤,4
方氏编类家藏集要方,0
方氏家传喉科秘法,0
方言本草,0
方以类聚,22
方意辨义,0
方苑,408
方种附刻金镜录图,0
方种附薛立斋医按方,0
方种金匮要略方,0
废医论,17
分法类编,0
分方治宜篇,1
分门瘟疫易解方,0
风寒热病方,0
风寒热病方纬篇,0
疯门辨证,0
疯门辨症,2
疯门全书,19
冯氏锦囊,176
冯氏锦囊劳瘵秘录,0
冯氏锦囊劳瘵秘录二诸血秘录二、,0
冯氏锦囊劳瘵秘录卷上,0
冯氏锦囊痨瘵秘录,0
冯氏锦囊秘录,165
冯氏锦囊秘录痘疹全集,0
冯氏锦囊诸血秘录,0
冯氏劳瘵秘录,0
冯氏痨瘵秘录,0
冯氏摘录,0
佛说佛医经,13
佛说七俱佛母心大准提陀罗尼经,0
佛治医经,0
服饵方单钞,0
服盐药法,0
福寿丹书,26
福幼编,1
辅仁和名,0
付医断,0
妇科,172213
妇科撮要,0
妇科大全,2
妇科产后编,0
妇科精蕴图说,0
妇科秘方,37
妇科心法要诀,64
妇科要略附产宝,0
妇科玉尺,101
妇科杂症,11
妇科证治准绳,0
妇科指归,1
妇人病论,5
妇人产带记,0
妇人大全良方妇人良方,0
妇人大全良方新编,0
妇人规古方,2
妇人良法,0
妇人良方二十四卷缺卷第一至第三,0
妇人治痘方论,0
妇婴新说,6
妇婴至宝,2
附刻小儿推拿,0
附伤寒琐言,0
附伤寒心镜,0
附伤寒心要,0
附小儿形症研悦,0
复真刘三点先生脉诀,0
傅青主男科,42
傅青主男科二女科二附产后编二补集,0
傅青主男女科,64
傅青主先生男科全编,0
傅氏眼科审视瑶函,1
傅氏眼科审视瑶函附眼科捷径,0
傅氏眼科审视瑶函六首附医案,0
傅氏眼科审视瑶函首一,0
腹证奇览,30
腹证奇览后编附腹里病状图,0
腹证奇览上,0
腹证奇览翼初编附腹里病状图,0
覆载万安方,6
改良外科图论,0
改正伤寒论,0
肝病问答,5
竿齐丛书,0
竿斋丛书,0
感证集液,0
感证集腋,2
冈山县卫生年报第2-6,0
高木春山本草图说目录,0
高士宗先生手授医学真传,0
高士宗先生手授医学真傅,0
高注金匮要略,69
革溪医砭,0
格玫余论疏抄,0
格致丛书,68
格致余论,640
格致余论抄,0
格致余论钞,0
格致余论疏钞,0
格致余论谚解,0
格致馀论,2
格致馀论卷五,0
葛仙翁肘后备急方,11
各家医论杂抄,0
各味药性,0
公余六种,0
公馀医录,0
古本难经阐注,21
古本难经简注,0
古法养正十三则阐微,0
古方八阵,6
古方便览,0
古方大意,0
古方分量表,0
古方分量考,0
古方汇精,3
古方汇清,0
古方兼用丸散方,0
古方节义,0
古方枢要,0
古方条理,0
古方通览,0
古方药品考,0
古方药说,0
古方药议卷一至五,0
古方翼,0
古今分量考,0
古今类聚药名考卷一至四,0
古今名医汇粹,22
古今名医类案,0
古今名医万方类编,0
古今图书集成医部全录医经注释,28
古今为书考,0
古今选要,0
古今养性录,0
古今药品考,0
古今药物别名考,1
古今医案按,141
古今医案按选,5
古今医彻,10
古今医家经论汇编,0
古今医鉴四首,0
古今医苦知,0
古今医论,0
古今医诗,3
古今医史七续增二附录王宏翰案,0
古今医书目录,0
古今医统,504
古今医统大全,426
古今医统大全百,0
古今医统大全三-一百,0
古今医统大全一○○,0
古今医统大全一百,0
古今医统附求古馆方谱,0
古今医统正脉,34
古今医统正脉二百○,0
古今医统正脉全书,23
古今医统正脉全书二百○,0
古今医统正脉全书二百零,0
古今医统正脉全一百,0
古今医学捷要六书,0
古今医学捷要书,0
古今幼科摘要,0
古今中华医书便览,0
古经诊皮篇名词解,0
古列女传,245
古脉法图解,0
古书医言,7
古文金匮要略,0
古文伤寒论,1
古文周易参同契秘解,1
古训医传,2
古医道脉传,0
古医道治则略注,0
古医方晰义,0
古易病断,0
古易察病传,0
骨度正误,5
骨度正误图说,1
骨度正误图误,0
骨度正穴考图,1
鼓胀满治验,0
顾氏痧疹证理,0
怪疾奇方,0
怪疴单,0
怪痰奇方一卷汲,0
怪征奇方,0
观聚方要补和小,0
观取胜元要补,0
观身集四种,0
观宜堂二十四方,0
观症辨疑,0
官邸便方,0
官幕同舟录三急救应验良方,0
管见大全良方,2
管蠡草灸诊抄,0
灌水汇说,0
光哲医话,0
广参品,0
广成玉函经解,0
广岛县医人传,0
广观摘英集,1
广惠济急方,0
广惠济急方上中下,0
广济秘笈,0
广嗣全书,0
广嗣种备要全,0
广嗣要语附方,0
广瘟疫论,57
广倭本草,0
广益本草大成,0
广益针灸拔萃,0
癸己新刊御药院方,0
癸巳新刊御药院方,0
桂川医话,0
国史草木昆虫考,0
国史医言钞卷一至四,0
国药提要,62
国医生理新论,1
国医守旨四卷即痰火颛门,0
国医宗旨,2
国字医丛,0
海藏癍论萃英,0
海藏癍证萃英卷二十一,0
海藏编类医垒元戎,0
海藏老人此事难知,0
海藏老人阴证略例,0
海藏老人阴症略例,0
海藏先生阴证略例,0
海藏阴证略例,0
海上仙方前·后集,0
海止仙方前集,0
含章斋腹诊录,0
含章斋医事杂话附:蕉窗杂话,0
含章斋医事杂谈,0
寒松食镜,0
寒温条辨,11
寒温条辨七,0
韩本新刊补注铜人腧穴针灸图经,0
韩氏医通,54
韩园医学六种,0
汉方医学讲习书,0
汉方医学入门,0
汉详病名对照录,0
汉阳病名对照录,0
汉阳病名对照录二卷附录,0
汉洋病名对照表,0
汉洋病名对照录,0
汉洋病名对照录二附录,0
汉译诊病奇侅,0
汉张仲景先生碑,0
好生绪言,0
合订本草备要医方集解,0
合剂局方,16
合刻三书,0
合刻士材三书,0
合类李■先生医学入门,0
合类李先生医学入门,0
合类药种名寄帐,0
合类医学入门,0
合类增补众方规矩,0
合类针法奇货,0
合类众方规矩,0
何氏心传,4
何首乌录,4
和方药名考,0
和汉合鉴本草,0
和汉人参考,1
和汉人参考一卷后编,0
和汉药考,20
和汉药效用异名全集,0
和剂局方附用药总论十附,0
和剂局方十首一图经本草药性总论二指南总论十首一二,0
和兰药性辨,0
和兰药性歌,0
和兰药选,0
和兰医方纂要,1
和兰医话,2
和兰医事问答,1
和名本草,0
和田泰纯经验方,0
和训伤寒论,0
河间五种,0
弘济馆藏方古方验录,0
红炉点雪,65
红毛流膏药炼书,0
洪氏集验方,74
喉科杓指四集验良方,0
喉科构指,0
喉科秘本附喉科附方,0
喉科秘本附喉科方,0
喉科四种,0
喉科指掌,15
喉痧正的,2
喉舌备要秘旨,5
喉症全科,4
后嗣全书研悦,0
后藤艮山传,0
厚德堂集验方萃编,1
胡兆新答问书,0
湖南方物志,28
湖南省中医单方验方,1
虎痢袄教毒豫防方,0
虎列刺治范,0
护病新编,1
护痘锦囊,0
护痘要法,0
花韵楼医按,0
花韵楼医案,6
华氏中藏经,118
华佗神医秘传,56
华佗中藏经,31
华陀中藏经,5
华先生中藏经中藏经,0
华夷草木考,0
华夷花木考,0
华夷花木考摘抄,0
华夷花木鸟兽珍玩考,12
滑氏诊家枢要,0
话法机要,0
怀卷食镜,0
怀中妙药集,0
淮南昭阳李氏家藏奇验秘方全,0
槐阴精选单方,0
换骨抄,0
换杏新话,0
皇朝医史,0
皇朝诸家治验集要上中下,0
皇帝造针法,0
皇国名医传,11
皇国名医传前编,1
皇国医林传,0
皇图名医传,0
黄澹翁医案,3
黄帝八十一难经本义俗解,0
黄帝八十一难经疏证,0
黄帝八十一难经俗解,0
黄帝八十一难经纂图句解,8
黄帝八十难经纂图句解七八十难经注义图序论,0
黄帝八十难经纂图句解七注义图序论,0
黄帝甲乙经皇甫谧,0
黄帝灵枢集注,0
黄帝灵枢经,9
黄帝内经发灵略,0
黄帝内经灵枢二十四卷附音释,0
黄帝内经灵枢经,127
黄帝内经灵枢经集注,5
黄帝内经灵枢卷一至卷八附诸家著录,0
黄帝内经灵枢要语,0
黄帝内经灵枢注发微,0
黄帝内经灵枢注证发徽,0
黄帝内经灵枢注证发微,195
黄帝内经灵枢注证发微九补遗,0
黄帝内经明堂,30
黄帝内经明堂残,0
黄帝内经明堂附录,0
黄帝内经明堂一附录一,0
黄帝内经素同大要,0
黄帝内经素问.黄帝内经灵枢,0
黄帝内经素问.灵素,0
黄帝内经素问白话解,232
黄帝内经素问补证释文,0
黄帝内经素问补注释文,20
黄帝内经素问残,0
黄帝内经素问四附黄帝内经素问遗篇一黄帝内经灵枢,0
黄帝内经素问四附黄帝素问灵枢经,0
黄帝内经素问二十四附群经见智录三附录古医经论,0
黄帝内经素问四附校讹一,0
黄帝内经素问附素问遗篇,0
黄帝内经素问合纂灵枢经合纂,0
黄帝内经素问集注,511
黄帝内经素问讲义残,0
黄帝内经素问节文注释,0
黄帝内经素问灵枢,42
黄帝内经素问灵枢各十二卷，素问第一至第四卷缺。,0
黄帝内经素问灵枢合编,7
黄帝内经素问灵枢合纂,0
黄帝内经素问灵枢集注各,0
黄帝内经素问灵枢经,5
黄帝内经素问灵枢经〔集注〕,0
黄帝内经素问灵枢经合类,0
黄帝内经素问灵枢运气音释补遗,0
黄帝内经素问灵枢注证发徽,0
黄帝内经素问录枢经合类,0
黄帝内经素问论证发微九卷.补遗,0
黄帝内经素问十二附素问入式运气论奥,0
黄帝内经素问十二卷素问遗篇一卷附新刊素问入式运气论奥三卷素问运,0
黄帝内经素问遗篇一附黄帝素问灵枢经,0
黄帝内经素问吴注,148
黄帝内经素问校义,4
黄帝内经素问校义附重刊研六室文抄,0
黄帝内经素问校议,0
黄帝内经素问新刊补注释文,0
黄帝内经素问谚解,0
黄帝内经素问要语意翼,0
黄帝内经素问直解,141
黄帝内经素问注,291
黄帝内经素问注解,1
黄帝内经素问注证发徽,1
黄帝内经素问注证发徽九补遗,0
黄帝内经素问注证发微,241
黄帝内经素问注证发微附补遗,0
黄帝内经素问注证发微九补遗,0
黄帝内经素问注证发微九补遗一,0
黄帝内经素问注证发微九附遗,0
黄帝内经素问注证发微灵枢注证发微,0
黄帝内经素问注证发微九灵枢注证发微九,0
黄帝内经太素,792
黄帝内经太素残,0
黄帝内经太素存,0
黄帝内经太素存二十三内经明堂存,0
黄帝内经太素九经纂录二四,0
黄帝内经太素篇目,0
黄帝内经太素三十遗文,0
黄帝内经太素遗文,1
黄帝内经太素诊皮篇补证,2
黄帝内经太素诊皮篇补证古经诊皮篇名词解,0
黄帝内经吴注,2
黄帝内经针经,0
黄帝内经注证发微,10
黄帝难经纂图句解,0
黄帝三部针灸甲乙经,17
黄帝授三子玄女经,2
黄帝素问灵枢合纂,1
黄帝素问灵枢集三黄帝内经灵枢略一,0
黄帝素问灵枢集注二十三略,0
黄帝素问灵枢经集注,0
黄帝素问内经吴注,0
黄帝素问宣明方论,1
黄帝素问宣明论方,79
黄帝素问宣明论方目录,0
黄帝素问宣命论方,0
黄帝素问直解,310
黄帝太素人迎脉口诊补证,1
黄帝五书,0
黄帝逸典,0
黄帝逸典评注,0
黄帝针灸甲乙经,61
黄华堂医话,0
黄氏医书八种,18
黄氏医书种,0
黄庭内景五脏六腑图说,0
黄庭内景五脏六腹补泻图,0
黄庭内景玉经,28
虺后方,0
徽疮秘录附花柳指迷附,0
回春发挥,0
回回药方,339
回生达宝秘传明论医方,1
回生钓胞秘诀,0
回生集,8
回生集正编续编,0
回生明论,2
洄溪医案,45
蚘病发蕴,0
汇集经验方,0
汇集薛氏内科医案,0
汇集诸方,0
汇辑薛氏内科医案七附方,0
汇刻书目外集,5
汇选良方,0
会约医镜,97
绘图东医宝鉴,0
绘图针灸大成,0
惠德方,0
惠德方上中下,0
惠民药局记,4
惠民正方,3
惠直堂经验方,19
惠直堂经验方四附惠直堂备急方,0
混俗颐生录,3
活动便览,0
活法机要,35
活人备要,0
活人撮要增补,0
活人奇方,0
活人事证方,8
活人事证方后集,6
活人事证方二后集二,0
活人事证药方,1
活人书二十二释音,0
活人书二十二释音辨误伤寒药性附录,0
活人心,10
活人一术,0
活婴全书,0
活幼便览,1
活幼口议,27
活幼心法,12
活幼心法大全,5
活幼心法附说,0
活幼心书,101
活幼心书附校证,0
霍乱燃犀说,0
霍乱审证举要,1
霍乱吐泻方论,0
霍乱转筋,5
鸡峰普济方,58
鸡峰普济方二十五附首目,0
鸡鸣录,4
积善堂重刊奇方,0
绩神农本草经疏,0
及幼方,0
吉氏家传灸穴,0
吉氏幼科法,0
吉益先生方极口诀,0
极要方：,1
急法危症简便验方续,0
急救丹方,0
急救方,8
急救喉诊要方,0
急救经验良方,0
急救良方,11
急救危症简便验方,3
急救仙方,11
急救小儿良方直言,0
急救应验方,0
急救应验良方,0
疾雅,0
集古良方,1
集验背疽方,29
集验方,184
集验简易良方,0
集验良方,16
集验良方拔萃,0
集验良方考按,0
集注伤寒论,0
集注伤寒论残,0
集注伤寒论十首,0
辑印明赵开美翻刻宋板伤寒论,0
己任编,32
己任篇,4
己仕编,0
纪效新书,539
济急法,1
济急方灸穴并介保图,0
济急仙方,0
济人宝笈,0
济人宝笈二卷.,0
济生拔方,0
济生拔粹,14
济生拔粹方,0
济生拔粹方九种,0
济生宝,0
济生产宝论,0
济生产宝论方,0
济生方,446
济生方残,0
济生内外经验全方,0
济生续方,0
济生学室丛书第一,0
济世宝鉴,0
济世经验全方内科,0
济世良方,22
济世良方合编,0
济世良方六首一补遗,0
济世内外经验全方,0
济阴纲目十四附保生啐事,0
济阴近编,0
济阴纂要方,0
济婴新编,0
济众新编,14
继志编方书合刻,0
继志堂医案,12
寄墨庐金匮读本,0
加减灵秘十八方,0
家宝全集,4
家藏心验痘疹保婴汇粹鉴衡集,0
家传集验疹痘秘书,0
家传脉法国语歌,0
家传秘书,0
家传太素脉秘诀,0
家传通外方,0
家传心牛脉秘诀,0
家传医书经验,0
家传幼科拔粹,0
家传杂病,0
家传诊痘演歌,0
家传治病用药歌,0
家传治痘及麻痘,0
家居医录,1
家刻伤寒论,0
家秘的本,1
家熟方,0
家学源流抄,0
嘉言医书三种,0
甲乙经,1096
假名读十四经发挥,0
假名读经,0
假名读十四经治方,0
假名难经,0
笺注唐贤绝句三体诗法,11
检验集证,2
简便诸方,0
简明医要,0
简选袖珍方,0
简要济众方,2
简易辟瘟方,0
简易便方,0
简易单方,1
简易普济良方,2
简易验方,2
见宜翁医案,0
建殊录附录,0
建珠录,0
鉴定伤寒论,0
鉴效秘要方,0
鉴因方定,0
江氏伤科方书,8
江苏省植物药材志,29
绛囊撮要,2
绛雪图古方选注,0
绛雪园古方选注,141
焦窓杂话,0
蕉窓杂话,0
蕉窗方意解,0
蕉窗杂话初编,0
蕉室杂话初编,0
脚气辨正,0
脚气辨证,0
脚气刍言,2
脚气发明,0
脚气方论,2
脚气分类编,0
脚气钩妄,0
脚气钩要,3
脚气解,0
脚气类方,0
脚气论,2
脚气说,0
脚气提要,0
脚气新编,0
脚气新论,0
脚气胸要,0
脚气摘要,0
脚气症原论,0
脚气治法总要,11
脚卸辨正,0
皆效方,0
节斋医论慈奚谷王汝言著,0
洁古家珍,3
洁古家诊,0
洁古老人论入式歌,0
洁古老人珍珠囊,7
洁古明备论,0
洁古珍珠囊,2
结髦居别集,0
捷经医筌,0
捷径外科俗书,0
截江纲,11
解百毒方,1
解毒编,1
解尸编,0
解体发蒙,2
解图元薮,0
解围元薮,17
解疫,1
戒忌十段锦,0
戒烟必读,1
戒烟说理,0
今世医家人名录,0
金疮口诀,0
金闺秘方,0
金华将军仙方,0
金鸡医谈,1
金镜内台方义,2
金镜内台方议,35
金匮方歌括,46
金匮方论存疑,0
金匮集,26
金匮解拔粹,0
金匮论注,0
金匮释羲,0
金匮小儿方,0
金匮心典,11
金匮悬解,29
金匮悬解详释,0
金匮要略编注,10
金匮要略衬注,0
金匮要略二十四,0
金匮要略方论本羲,0
金匮要略方论本义,67
金匮要略广注,59
金匮要略国字解,0
金匮要略集注,23
金匮要略辑义,10
金匮要略记闻,0
金匮要略讲谈,0
金匮要略捷径,0
金匮要略今释,89
金匮要略精义,0
金匮要略浅注,169
金匮要略浅注方论合编,7
金匮要略上中下,0
金匮要略释义,133
金匮要略疏义,5
金匮要略述义,2
金匮要略通俗讲话,17
金匮要略闻书,0
金匮要略家注四末一,0
金匮要略心典玉函经注,0
金匮要略绎注,0
金匮要略玉函经,0
金匮要略约说,0
金匮要略扎记,0
金匮要略章句,0
金匮要略正义,6
金匮要略直解,24
金匮要略直解附玉函经,0
金匮要略注,54
金匮要略注解,7
金匮翼,155
金匮翼八附大父拙吾府君家传,0
金匮翼提要,0
金匮玉函经,212
金匮玉函经二注,80
金匮玉函经二注二二补方附十药神书,0
金匮玉函经注,0
金匮玉函经解,0
金匮玉函经卷第二断简,0
金匮玉函经真本,0
金匮玉函伤寒论定本,0
金匮玉函要略方,5
金匮玉函要略方论,4
金匮玉函要略方论辑义,0
金匮玉函要略方论讲义,0
金匮玉函要略方论疏义,2
金匮玉函要略辑义,36
金匮玉函要略述义,10
金匮玉函要略述义上中下,0
金匮玉函要略注,0
金遗玉函经,0
金颐要略语译,0
谨身要法,1
锦囊妙药秘录,0
锦囊医方详解,0
锦囊针灸秘录,0
近世名医传,0
近世名医传附来舶洋医传略,0
荩斋医要,4
京板校正大字医学正传,0
京本校正解注释文黄帝内经素问,0
京本校正注释音文黄帝内经素问,0
京本校正注释音文黄帝内经素问十三灵枢,0
京本珍珠囊药性赋,0
京校校正大字医学正传,0
经方辨,251
经方实验录第集三附录,0
经络发明,0
经络汇编,6
经络笺注,0
经络考,12
经络括要,0
经络全书前编后编,0
经络全书前编一后编一,0
经络图说,5
经络以吕波分,0
经脉图考,6
经脉药注,0
经史类证大观本草,0
经史证类备急本草图,0
经史证类备急本草五附,0
经史证类备用本草三○,2
经史证类大观本草,62
经史证类大观本草三十目,0
经史证类大观本草三十一目,0
经史证类大观本草卷一至三十一,0
经史证类大观本草卷之一至三一,0
经史证类大观本草序例共,0
经史证类大全草本,0
经史政类大观本草,2
经效产宝,41
经效产宝三续编,0
经效产宝三续篇,0
经穴部位诸痘所主,0
经穴甫改钞,0
经穴汇辑,0
经穴汇解,25
经穴机要,0
经穴密语集上中下,0
经穴图解,3
经穴指掌图,3
经穴纂要,9
经验百病内外,0
经验百方,0
经验产事笺,0
经验丹方汇编,6
经验单方补遗,0
经验单方汇编,0
经验单主,0
经验痘方,0
经验痘疹,1
经验痘疹不求人方论,0
经验广集,4
经验广集良方,0
经验济世良方,0
经验禁方录,0
经验良方大全十首,0
经验奇方,4
经验奇效单方,0
经验四种,0
经验痒子症良方又经验痒子症方,0
经验药方,0
经验要穴,0
经验针法,0
经验诸方,0
经治秘撰杂症传书,0
精本伤寒论,0
精校圈点眼科纂要,1
精选幼科良方,0
精选治痢神书二泄痢神书烈方一,0
精选治疟必喻,0
景景医话一卷附医谈录旧,0
景景医话附医谈录旧,0
景元刻本,12
景岳全书,4217
景岳全书发挥,12
景岳全书卷之四十八大集本草正摘录,0
景岳全书种,0
景岳先生质疑录抄,0
景岳先生质疑录二附敖氏伤寒验证舌法图说,0
景岳新方八陈砭,0
景岳新方砭,10
景岳新方歌,0
景岳新方诗括注解,0
警医记事,0
警医纪事,0
痉书或问,0
痉书一痉书或问一,0
敬斋遗稿,3
静俭堂治验,0
静香楼医案,16
静香楼医案三十一条,0
静香楼医案三十条,0
静逸堂遗稿,0
静耘斋集验方,0
九峰先生医案,0
灸炳要览,0
灸草考,0
灸法精微摘要便览,0
灸法全书,2
灸法要穴,0
灸膏育腧穴法,1
灸穴秘蕴,0
救弊医话,0
救编琐言,0
救荒本草拔萃,0
救荒本草会识,0
救荒本草会志,0
救荒本草会志誌,0
救荒本草记闻,0
救荒本草记闻上下,0
救荒本草启蒙卷一至一十四,0
救荒本草启蒙卷之一至一四,0
救荒本草私考,0
救荒本草通解卷之三,0
救荒本草下,0
救荒本草野谱,0
救荒便览,0
救荒补遗方,0
救荒撮要,1
救荒撮要补遗,0
救荒二物考,0
救荒活民补遗书,4
救荒野菜谱,0
救荒野谱,7
救荒野谱并补遗,0
救荒野谱启蒙,0
救荒野谱上下,0
救荒野谱通解,0
救荒野谱补遗,0
救荒野谱一补遗一,0
救急丹方,1
救急简易方,0
救急简易方一.1,0
救急秘传新方卷下,0
救急奇方,0
救急须知,0
救急选方,3
救集撮要方,0
救迷良方,11
救民妙药法,0
救溺死烟毒编,0
救偏琐言,5
救偏琐言备用,0
救偏琐言附备用良方一,0
救偏琐言十琐言备用良方,0
救偏琐言琐言备用良方,0
救生集,1
局方发挥,135
局方发挥抄,0
橘■书影,2
橘窗书影,1
镌补雷公炮制药性解,8
卷怀食镜,0
卷怀食镜付:卷怀灸镜,0
卷怀食镜附卷怀久镜,0
卷怀食镜附卷怀灸镜,0
怀食镜附怀灸镜,0
决脉精要,0
诀脉精要,0
刊校讹诸症辨疑袖中金,0
康赖本草,0
康治本伤寒论,9
考正古方权量说,0
考正穴法,0
刻海上秘授杏林尊生要览,0
刻李东垣药性赋袖中金,0
刻圣济经,0
刻医方集宜,0
刻医无闾子医贯六新镌穷乡便方二附增补医贯奇方一,0
客邸救急便方,0
口问主意书,0
快活方心药,0
窥垣秘术,1
魁本袖珍方大全,2
昆山顾公医眼论并方,0
困学经穴法,0
困学穴法,0
兰畴,0
兰方枢机,0
兰室秘藏,403
兰室秘藏(江户刊,0
兰台规范,3
兰台轨范,61
兰轩医谈,0
兰学实验,0
懒翁药方,0
烂喉痧辑要,2
痨瘵秘录,0
老老恒言,126
乐英堂新纂医家脉法正宗,0
雷公炮制药性解卷一至六,0
雷公炮制药性解六附珍珠囊指掌补遗药性赋六附,0
雷公炮制珍珠囊药性赋,0
雷公四要纲领发微,0
雷公药性赋解合编,0
雷公药性解残一存上,0
雷公药性解撰次树果编上,0
雷公药性论,0
类编伤寒活人书括指掌图论,1
类编图经集注衍义本草,0
类编朱氏集验医方,92
类方证治准绳,4
类方准绳,2
类集试验良方,0
类经.类经图翼.类经附翼,1
类经32序目图翼,0
类经三二序目一图翼一一附翼,0
类经三十二附图十一附翼,0
类经三十二类经图翼十一类经附翼三十二、十一、,0
类经三十二图翼十一附翼,0
类经三十二序目,0
类经上下册,0
类经图选,0
类经图翼附类经附翼,27
类经图翼十一附翼十一附,0
类经纂要,0
类经纂要三卷，附卷末,0
类经纂要三末三加,0
类聚方广义,20
类聚方集览,0
类聚方集览全,0
类修要诀二后言一续付一,0
类要图说本草,0
类证辨异全九集,0
类证辨异全九集七卷缺卷第七,0
类证陈氏小儿痘疹方论,0
类证普济本事方后集,1
类证普济本事方续集,8
类证钱氏小儿方诀,0
类证伤寒活人书括,0
类证增注,0
类证增注伤寒百问歌,0
类证注释钱氏小儿方诀,2
类证注释小儿方诀,0
类症普济本事方,1
冷卢医话,1
黎居士简易方论存,0
黎居士简易方论十二,0
李濒湖抄医书,0
李濒湖脉学,1
李东垣官板药性大全,0
李东垣药性大全,0
李士材三书,0
李翁医记,5
理沦骈文附存济堂药局修合施送方并加药方附,0
理洽瀹骈文附膏药方治心病方略言续增略言,0
理虚元鉴,182
理瀹骈文,412
理瀹骈文一卷存济堂药局修合,0
理瀹外治方要,0
历代名医传略,16
历代名医传略卷上、下,0
历代名医蒙求,20
历代名医蒙求二释音,0
历代名医蒙求二释音二、,0
历代名医图姓氏,2
历代名医一览,0
历代医学书目,7
立斋外科发挥,4
立斋外科发挥八外科经验方八,0
栎窗类抄,0
栎荫先生遗论,0
栎荫先生遗说,1
疬疡机要,0
栗崎流金疮,0
痢疾琐言,0
痢疟纂要,2
痢证汇参,1
痢症三字诀,1
良方集要,1
良方集腋,8
良朋案集经验神方,0
良朋汇集,32
良医捷效,0
两目秘传书,0
疗服石医方残,0
疗难百则,0
疗疫方法全集,0
疗治病经,0
疗治茶谈,0
疗治茶谈6编,0
林氏活人录汇编,3
林子却病功夫,0
临床药说,0
临证经验方,1
临证指南医案,2540
临证指南医案抄,0
临证指南医案十种福堂公选良方十,0
灵宝药性能毒大成九卷缺卷第一第二,0
灵兰集,0
灵秘十八方加减,0
灵枢讲义,12
灵枢窥,0
灵枢识,59
灵枢素问集注,4
灵枢五解篇,0
灵枢悬解,19
灵素节要浅注,2
灵素提要浅注,0
灵素五解篇,0
岭南本草,97
岭南卫生方三附募原偶记,0
岭南卫生方三附募原偶记三附,0
刘河间伤寒六书,9
刘河间伤寒三书,1
刘河间伤寒医鉴,3
刘河间伤寒直格后集、续集、,0
刘河间伤寒直格论方,0
刘河间伤寒直格论方附河间伤寒心要、张子和心镜别集附、,0
刘河间医学六书,7
刘娟子鬼遗方,1
刘涓子鬼遗方,146
刘涓子治痈疽神仙遗论,1
刘绢子鬼遗方,1
柳洲医话一附塘医话一补编二,0
六经证治纲领,0
六科证治准绳,4
六礼斋医书,0
六醴斋医书,10
六醴斋医书十种,1
六气感要义,0
六气感证要义,2
六神方书,0
六體斋医书,2
六译馆丛书,64
六因条辨,54
龙砂八家医案,6
卢囟经,0
颅囱经,1
颅囟经,40
陆氏要览,0
菉竹堂简便诸方,0
菉竹堂集验方,1
吕纯阳丹方大全,0
吕宏昭药书,0
吕祖采补延年秘录,0
侣山堂类辨,39
侣山堂类辩,34
侣仙堂类辨,2
旅舍备要方,7
旅医宝鉴,0
履霜集,17
律例馆校正洗冤录,9
略方应变钞,0
罗氏会约医镜,94
罗田万氏妇人科,0
瘰疬花柳良方录要,0
洛阳医师鉴,0
洛医汇讲,0
麻病流行考,0
麻黄或问,0
麻科汇编,0
麻科会通,1
麻科活人全书,14
麻疹阐注,0
麻疹方汇,0
麻疹精要方,0
麻疹例草,0
麻疹篇,0
麻疹三书,0
麻疹心法,1
麻疹一哈,0
麻疹即痘科键,0
麻疹治法,0
麻疹中药处方经验,0
麻疹纂类,0
麻证新书,0
麻症集成,2
马经谚解,0
马流药性,0
马脾惩毖篇,0
脉便,0
脉搏学辑要,0
脉粹,0
脉度运行考,8
脉法私言,0
脉赋,11
脉贯,10
脉徽,4
脉简补义,10
脉经考证,0
脉经十附脉诀刊误集解二附录十附二,0
脉经十人无脉影归指图说,0
脉经十人元脉影归指图说十,0
脉经十图说,0
脉经选要国语歌,0
脉经真本,0
脉经直指,1
脉决,18
脉决指掌病式图说,1
脉诀辨真四脉诀附方四附,0
脉诀簒要,0
脉诀歌,0
脉诀规正三,0
脉诀汇辨,32
脉诀辑要,0
脉诀刊误附录,1
脉诀刊误集解附录,1
脉诀刊误集解二附录二附,0
脉诀刊误集解二附二附,0
脉诀刊误集解三附,0
脉诀考论,0
脉诀乳海,5
脉诀十六部详解,0
脉诀首首,0
脉理存真,2
脉理论,100
脉理正义,0
脉望,290
脉位辨正,0
脉象统类,1
脉学考证,1
脉学辑要,24
脉学辑要评,7
脉学简摩,0
脉学脉诀,2
脉学奇经八脉考,33
脉学全书研悦,0
脉学研究十讲,6
脉学脉学考证奇经八脉考,0
脉学原始全书研悦,0
脉学注释,2
脉药联珠,10
脉药联珠古方考,0
脉药联珠食物考,0
脉药联珠药性考,1
脉药联珠药性食物考,4
脉要指判,0
脉义简摩,11
脉影图说,0
脉语,20
脉原,7
脉诊撮要,0
脉诊选要,6
脉证传授心法,0
脉证治例辨疑,0
脉症治方,9
曼公先生痘疮唇舌口诀,0
曼公先生痘疹唇舌口诀,0
曼公先生痘疹唇舌口诀下,0
漫游杂记,7
漫游杂记独啸囊语,1
漫游杂记附:独啸束语,0
蔓难录,0
毛诗草木鸟兽虫鱼二卷疏校正,0
毛诗草木鸟兽虫鱼疏,224
毛诗草木鸟兽虫鱼疏广要,25
毛诗名物图说,42
梅疮秘录,1
梅花易数,24
霉疮结毒方论,0
霉疮秘录,11
霉疮秘录抄,0
霉疮总说,0
黴疮结毒方论,0
黴疮结毒方论结毒部,0
黴疮军谈,0
黴疮秘录,0
黴疮秘录标记,0
黴疮新书,0
黴疮约言,0
黴疮证治秘鉴,0
黴疠新书,0
黴疗秘录.乾.坤,0
每日食物却病考,1
孟河丁氏医案八喉痧症治概要一,0
孟河费伯雄先生医案一孟河费绳甫先生医案一,0
秘本眼科捷径附引痘略妇科杂证戒烟说理达生编附、、、,0
秘藏医书祝由十三科,0
秘传大麻疯方,2
秘传痘疹方,0
秘传花镜六图,0
秘传活幼全书,0
秘传加减十三方秘传外科经验良方、,0
秘传经验痘科玉函集,0
秘传经验痘疹,0
秘传经验痘疹方,0
秘传麻痘要诀,0
秘传男女小儿科推拿秘诀,0
秘传配制丸散膏丹神效方,0
秘传外科方,8
秘传小儿豆疹经验良方,0
秘传延寿丹方,0
秘传眼科笔科,0
秘传眼科金科,0
秘传眼科龙木医书总论,0
秘传眼科龙木医书总论附龙木论十附,0
秘传眼科龙木总论,2
秘传眼科龙木总论十首,0
秘传眼科全书,0
秘传医奥,0
秘传证治备诀,0
秘传证治类法,0
秘传证治类方,0
秘传证治要诀,128
秘传证治要诀十二类方,0
秘传证治要诀十二类方十二类方,0
秘传主治要诀,0
秘方集验,3
秘刻官板秘传加减十三方,0
秘制大黄清宁丸方,0
勉学堂针灸集成,40
妙法良方,0
妙药不求人,0
妙药集大全,0
妙药奇览,0
妙药奇览后编,0
妙一斋医学正印种子编,26
妙一斋医学正印种子编全,0
民间百病丹方,0
民间百病秘方,0
民间内外科要法,0
民政部防疫论略,0
闽书南产志,8
名家方选,1
名家灸选,0
名医别录,1272
名医方选,1
名医类按,0
名医类案续续,0
名医女科方论治验,0
明备论上中下,0
明戴曼公先生痘疮百死证传,0
明戴曼公先生痘疹治术传,0
明戴曼公先生治术传,0
明目良方二，首,0
明目神验方,3
明目仙方,0
明吴又可先生温疫论,0
明吴又可先生瘟疫论附刘宏璧先生集补瘟方治,0
明医秘傅济世奇方万疴必愈,0
明医小史,0
明医选要万疴必愈,0
明医杂著国字抄,0
明医指掌图,0
明医指掌图前后集,0
明医指掌图前集,0
明医诸风疠疡全书指掌,0
明治名医传,0
缪仲淳本草经疏七方十剂论,0
末附董氏小儿斑疹备急方论,0
内服同功编,0
内府秘传经验女科,5
内府秘传经验文科,0
内功图说,36
内经博议,37
内经和要,0
内经辑要,24
内经评文素问,3
内经评文素问四遗篇一灵枢,0
内经评文素问四遗篇一灵枢四、一、,0
内经素问灵枢注证发微,4
内经素问校义,10
内经吴注,2
内经正脉,0
内经知要,229
内经纂要,1
内科百科效全书,0
内科百效全书,2
内科阐微,1
内科理法前编六后编十附,0
内科秘录,3
内科伤辩,0
内科新说,15
内伤集要,1
内伤伤辨惑论,0
内台方议附药品制用,0
内外伤辨卷九-十一,0
内外伤辩惑论,13
内外杂症要方,0
男女育儿新法,1
南北经验医方大成残七卷缺卷第一第六第九,0
南北经验医方大成抄,0
南北经验医方大成钞,0
南北经验医方大成论,1
南北经验医方大成论钞,0
南北医方大成论,0
南病别鉴,5
南病别鉴三续集,0
南方草木状,346
南方草木状卷之上、中、下,0
南方草木状天,0
南海寄归内法传,422
南京民间药草,8
南蛮阿兰陀流膏药拔粹,0
南蛮傅法汇膏兰方油取法汇膏兰方金疮汇膏阿兰陀口和书、、、,0
南雅堂全集,0
南雅堂医书全集,7
南阳活人书,15
南阳集要,0
南阳乡贤医圣张仲景祠墓志,1
南药赋,1
南药国音歌,0
南药国音集验,0
南药国音録,0
南药捷效,0
南药神效,1
南药指名传,0
难产篇,0
难产手入方,0
难经本义,158
难经本义补遗,2
难经本义抄,0
难经本义钞,0
难经本义二难经图,0
难经本义二难考图,0
难经本义二首,0
难经本义谚解,1
难经本义之抄,0
难经抄,0
难经达言,0
难经古义,11
难经或问二附,0
难经集注,210
难经经释,46
难经经释补证二总论,0
难经经释补证二总论二总论,0
难经明义,0
难经疏证,33
难经俗解,0
难经校订识略,0
难经悬解,15
难经正义,104
难往本义抄,0
难往古义,0
难往疏证,0
难以,24608
难症大小合参十六首,0
难症痘疹药性主治合参十二首,0
能毒,10
聂生总论,0
聂氏痘门方旨,1
牛痘发蒙,0
牛痘新法全书,3
牛经大全,4
牛清漫录,0
牛清温录,0
牛山活套,1
牛山先生方考上中下,0
牛山先生活套,0
牛山先生考上中下,0
牛医方,17
牛诸漫录,0
牛诸温录四续,0
牛渚温录,0
农学,225900
女科.产后编,6
女科百病问答,0
女科百问,63
女科撮要上下,0
女科大全要旨,0
女科产后编,6
女科歌诀六卷附四时病机,0
女科广要,0
女科辑要,110
女科经纶,124
女科经论,34
女科精要,7
女科秘诀大全,11
女科秘要,2
女科秘旨,4
女科切要,25
女科万金方,8
女科仙方四。合刊：产科心法,0
女科要略附产宝,0
女科要旨,101
女科正宗,8
女科证治准绳,28
女科旨要,1
女科指南,1
女科指掌,3
女科准绳,3
疟疾论,3
疟论疏,5
疟论疏方,0
疟论疏疟疏方,0
虐疾论,0
盘珠集胎产症治,2
炮灸大法,6
炮炙撮要,0
炮炙大法,121
炮炙全书,22
泡打脓考,0
培补元阳食服录,0
佩文斋广群芳谱,103
佩文斋广群芳谱一百,0
彭氏解剖生理学,0
捧心本方,0
皮肤新编,2
埤雅,260
脾胃论,3418
脾胃论卷二-四,0
片名付伤寒论,0
片玉痘疹,10
片玉心书,26
品芳录,2
品物名汇,0
平辨脉法歌诀,0
平脉考,1
平脉考内经平脉考,0
平易方,0
平易方四卷·补遗,0
平易方四补遗,0
平易堂,0
平治会萃,3
平治荟萃,0
评点马氏医案印机草,1
评点叶案存真类编,0
评秘济生三十六方,0
评注薛氏医案,0
瓶花书屋校刊医书,0
普济本草方,1
普济本事方残本,0
普济本事方二十卷附类证普济本事方,0
普济本事方后集,1
普济本事方·续集,8
普济本事方类证普济本事方,0
普济本事方续集,8
普济本事方续本事方,0
普济方残二十六卷存卷第二十第二十三第三十四第三十,0
普济方九百四卷缺卷五百十四至八百三,0
普济良方,3
普济应验良方一,0
普济疹痘法,0
普救本事方续集,0
普救本事十卷·续编,0
普救类方卷一至七,0
普门医品,1
普门医品四十八,0
普通按摩针灸学,0
七新药,0
七新药上中下,0
祁州药志第一集,3
齐民要术,2682
齐氏医案崇正辨讹,0
齐氏医案崇正辨化,0
其慎集,0
奇良方,0
奇方类编,7
奇方录,0
奇魂初编,0
奇疾方,4
奇经八脉考,169
奇经八脉考略,0
奇经八脉学,0
奇效简便良方,9
奇效良方,239
奇效良方大全摘抄,0
奇效良方论,0
奇效医述,5
奇正方,4
奇证秘录,0
祈嗣真诠,8
耆宿茗话,0
启迪集,17
启迪集残本,0
启迪集序,0
启迪院配剂百方,0
气血水辨,0
气血水药徵,1
契王氏秘传叔和图注释义脉诀评林捷径统宗,0
千金宝要,22
千金宝要补,0
千金方抄,0
千金方钞,0
千金方合刻,1
千金方九三目录,0
千金方卷一,3
千金方药注,0
千金要方第,21
千金月令,5
谦齐医学讲稿,2
谦益齐外科医案上编,0
谦益斋外科医案上编,0
前编上池秘录,0
钱氏儿科案疏,0
钱氏小儿方考,0
钱氏小儿药证真诀,0
钱氏小儿药证直诀三附方,0
钱氏小儿药证直诀三附方一董氏小儿斑诊备急方论一,0
钱氏小儿药证直诀三卷附方一卷三册,0
钱氏小儿直诀,0
钱氏小儿直诀四附保婴粹要一保婴金镜录一陈氏小儿痘疹方论一四附,0
钱仲阳傅,0
乾坤生意,3
乾坤生意二生意秘韫,0
潜村医案,0
潜斋简效方,5
潜斋医话丛书十四种,0
浅井先生方汇讲译,0
浅田宗伯翁传,0
遣问录,0
切脉一苇,0
切纸,144
锲狗伤考,0
锲太上天宝太素张神仙脉诀玄徽纲领宗统.新刻太素脉诀统宗,0
锲太上天宝张神仙脉诀玄微纲领宗统,0
锲王氏秘传叔和图注释义脉诀评林捷径统宗.新刻图注脉诀统,0
锲王氏秘传图注八十一难经评林捷径统宗,0
锲五氏秘传图注八十一难经评林捷经统宗,0
钦定大同类聚方拔粹神方,0
钦定授时通考,52
钦定四库全书总目,1793
秦校刺疔捷法,0
琴畅轩百花诗,0
锓图注王叔和脉诀琮璜,0
锓图注王叔和脉诀大全,0
青囊秘录,2
青囊完壁,0
青囊完璧,1
青囊药性赋,2
青囊杂纂,0
青囊珍珠,0
青囊珍珠上中下,0
青市琐探,0
青束秘录,0
青束琐琛,0
青束琐探,0
青霞医案,1
青州先生医谈,0
青洲先生医谈,0
清代名医医案菁华,2
清国医事问答,0
清河医案,0
清华医室藏书类目,1
清太医院秘藏珍本清宫秘本,0
清太医院配方,9
曲本草,4
驱蛊燃犀录,0
麴本草,0
臞仙活人心法,1
癯仙神隐传,0
全身百穴歌,0
全生集医案,0
全生类要湖海奇方,0
全生指迷方,34
全体阐徽,0
全体分图八幅,0
全体通考,31
全体新论,48
全体新论附生理图,0
全体新论上下,0
全婴方论,0
全婴心法,0
全婴要览,0
痊骥通玄论注解,0
群经见智录,91
群经见智录三附古医经论一,0
群书抄方,0
群书钞方,4
人参谱,9
人参辨,1
人参考,41
人参识上、下,0
人参识上下,0
人参言上书,0
人身赋,0
人身摘要赋,0
人体问答图解,0
人元脉影归指图,0
人元脉影归指图说,1
人元脉影归指图说上下,0
仁存孙氏治病活法秘方,6
仁存孙氏治病活法秘方十卷缺卷第一,0
仁存孙氏治病活法秘方十卷原阙卷第一,0
仁端录痘疹玄珠,0
仁寿镜,4
仁寿堂药镜,0
仁术便览,97
仁文书院集验方,2
仁义堂记,0
仁斋直指方附遗方论,0
仁斋直指方论新刊二十七,0
仁斋直指方论医脉真经,0
仁斋直指附遗方论六小儿附遗方论五医脉真经一,0
仁斋直指小儿附遗方论,1
日本医道沿革考,0
日本医家古籍考,0
日本医学丛书,0
日用功方,0
日用食鉴,0
日用药品考,0
日用针灸气穴所在,0
茹草编,2
茹草纪事,1
儒门事亲拔萃,0
儒门事亲抄,0
儒门事亲摘抄,0
儒门事亲类方,0
儒门事亲十目,0
儒门事亲十五,1
儒门事视,1
儒门医学,7
儒医精要,1
儒医精要释疑,0
入药镜,32
瑞行堂经验方,0
瑞竹堂经验方,76
瑞竹堂经验方五补遗,0
三病考,0
三病考上中下,0
三才图会身体一至,0
三才图绘,25
三藏辨解,0
三家医案合刻,19
三家医话,4
三焦心包络命门辨,0
三刻太医院补注妇人良方大全二十四首,0
三理诀,0
世方证鉴附录,0
三世医谭,0
三吴医案,0
三喜备考,0
三喜斋秘传诸病用药集,0
三喜直指篇,0
三消论,37
三因方,21
三因方记,0
三因极--病证方论,51
三因极-病证方论,51
三因极一病源论粹方,0
三因极一病证方论,509
三因极一病证方论十八,0
三因极一方,1
三元参赞延寿书,17
三元延寿参赞书,20
三指禅,54
桑韩医谈,2
扫叶庄一瓢老人医案,3
杀车槌方,0
杀车槌考,0
痧病类记,0
痧病新论,0
痧痘集解,1
痧喉阐义,1
痧喉正义,4
痧胀辑要方,0
痧胀家言,0
痧胀五衡书,0
痧胀玉衡,31
痧胀玉衡全书,0
痧胀玉衡书,0
痧胀玉衡书三卷(上、中、下卷及后卷一卷，共四卷）,0
痧胀玉衡书三·后,0
痧胀玉衡书三后,0
痧胀玉衡书三目续,0
痧胀玉术书,0
痧胀玉术书后,0
痧疹抄方,0
痧疹心法,1
痧证汇要,1
痧症度针,1
痧症全书,10
痧症玉衡书,0
山公医旨食物类,0
山谷便方,0
山顾公医眼论并方,0
山居简要医方便宜,0
山居四要,12
山居四要拔萃,0
山居要,5
山氏家藏方,0
山胁方函,0
删补名医方论,84
删补名医方论八卷即御纂医宗金鉴卷第二十六至第三十三,0
删补颐生徽论,0
删补颐生微论,27
删订伤寒论,0
删定伤寒论,0
删定神遗方,0
疝癥积聚编,0
善成堂神农本草备要,0
缮生堂药疏卷上、下,0
伤风约言,1
伤风证治约言,0
伤寒百问经络图,2
伤寒百证歌发微论,1
伤寒百证歌五伤寒发微论,0
伤寒保命集类要,0
伤寒备急门,0
伤寒辨术,0
伤寒辨要,0
伤寒辩证,3
伤寒标本,18
伤寒标本心法类萃,17
伤寒补天石,1
伤寒补天石、续伤寒补天石续,0
伤寒补亡论,63
伤寒阐要编,0
伤寒大白,42
伤寒大成,0
伤寒第一书四共,0
伤寒典,12
伤寒迩言,0
伤寒法眼,5
伤寒法祖,1
伤寒方法琐辨,0
伤寒分经,6
伤寒附翼,88
伤寒纲目,1
伤寒各证方诀,0
伤寒古方通,1
伤寒古方通方,0
伤寒贯珠集,339
伤寒广要,18
伤寒国语歌,0
伤寒过半钞,0
伤寒后条辨,2
伤寒后条辨钞译,0
伤寒辑要,1
伤寒辑要六附寸耕堂医案一,0
伤寒纪元妙用方,0
伤寒家秘本的本,0
伤寒家秘论,0
伤寒兼证析义,12
伤寒节录,0
伤寒捷决,0
伤寒捷诀,1
伤寒金镜录验证舌法,0
伤寒金口诀,0
伤寒金匮称量考,0
伤寒金匮秤量考,1
伤寒金匮浅释,2
伤寒金匮药方分量考,0
伤寒津氏微,0
伤寒九十论,21
伤寒九十论校讹续校,0
伤寒九十论附校伪,0
伤寒抉疑十五则,0
伤寒厥阴证口诀,0
伤寒考,8
伤寒括要,23
伤寒来苏集,745
伤寒来苏集附伤寒论翼、伤寒附翼四附、,0
伤寒类方,18
伤寒类书活人部括,0
伤寒铃法,0
伤寒六经定法,0
伤寒六经析义,0
伤寒六书篡要,1
伤寒六书纂要辨证,0
伤寒六书纂要辩疑,0
伤寒论、金匮要略一、,0
伤寒论本义,22
伤寒论本义八首一末一,0
伤寒论本义十八末,0
伤寒论本旨,19
伤寒论笔得,0
伤寒论辨正,0
伤寒论辨正（其分卷法是阳上上、阳上中、阳上下、阳中、阳下、阴上、阴中、阴下）,0
伤寒论辨正阳,0
伤寒论辨正卷阳上,0
伤寒论补注,0
伤寒论串解衍义,3
伤寒论剳记,0
伤寒论大成,0
伤寒论大意,3
伤寒论分注,0
伤寒论逢源,0
伤寒论古训,0
伤寒论古训传,0
伤寒论古训傅,0
伤寒论贯通,0
伤寒论广要,3
伤寒论国字辨,0
伤寒论国字解,0
伤寒论国字解卷三--六、八--十一,0
伤寒论和训,0
伤寒论后条辨,61
伤寒论后条辨十五附序目,0
伤寒论后条辨十五首,0
伤寒论后条辨五首一附录一,0
伤寒论后条辨十五序例,0
伤寒论汇考,0
伤寒论即订字标注伤寒论,0
伤寒论即宋板伤寒论,0
伤寒论即小刻伤寒论,0
伤寒论即永源寺本伤寒论,0
伤寒论集成辑义,0
伤寒论集诂,0
伤寒论集解,21
伤寒论集注,114
伤寒论集注十卷附辩注刺炙法图,0
伤寒论辑成,0
伤寒论辑义,66
伤寒论简明释义,2
伤寒论讲本,2
伤寒论讲录,0
伤寒论讲释,0
伤寒论讲义,1465
伤寒论金匮要略药性辨上、中、下编,0
伤寒论金匮要略药性辨上中下,0
伤寒论精文,0
伤寒论精义,2
伤寒论精义外传,0
伤寒论柯则,0
伤寒论口授,0
伤寒论类辨,2
伤寒论类方,138
伤寒论类方附六经脉证,0
伤寒论类方汇参,17
伤寒论类方四附长沙方歌括,0
伤寒论刘氏传,0
伤寒论脉证类辨,0
伤寒论脉证式,0
伤寒论秘要,0
伤寒论名数解拔萃,0
伤寒论明解,0
伤寒论旁训,0
伤寒论评释,12
伤寒论浅注方论合编,8
伤寒论阙疑略说,0
伤寒论阙疑序解,0
伤寒论三注,6
伤寒论三注古,0
伤寒论识,21
伤寒论实义,1
伤寒论释词,0
伤寒论疏义,3
伤寒论述义,17
伤寒论述义五,0
伤寒论述义五补,0
伤寒论特解,0
伤寒论条辨,195
伤寒论条辨八本草钞一或问一首一附痉书一或问一,0
伤寒论条辨八或问一痉书一痉书或问一本草钞一,0
伤寒论条辨本草抄,0
伤寒论条辨或问,0
伤寒论条辨或问一伤寒论条辨本草钞一,0
伤寒论通断,0
伤寒论通议,0
伤寒论图解,1
伤寒论图说,0
伤寒论微词辨,0
伤寒论文字考,2
伤寒论文字考续编,0
伤寒论新注,36
伤寒论序文考,0
伤寒论选注,2
伤寒论要解,0
伤寒论夜话,0
伤寒论夜话上下,0
伤寒论一卷合刊金匮要略方论,0
伤寒论夷考,0
伤寒论译释,381
伤寒论语译,93
伤寒论劄记,3
伤寒论张义定本,0
伤寒论张义定本上,0
伤寒论张义正本,0
伤寒论章句,5
伤寒论正解,0
伤寒论正脉辨,0
伤寒论正文,1
伤寒论正文复圣解,0
伤寒论正文解,0
伤寒论正义,0
伤寒论证辨,3
伤寒论直解,19
伤寒论摭粹上下,0
伤寒论注来苏集,0
伤寒论注来苏集四附翼,0
伤寒论自序讲录,0
伤寒论自序注解,0
伤寒论宗印,4
伤寒门辨术,0
伤寒名数解,0
伤寒名数解续编,0
伤寒名数解续上中下,0
伤寒名数酉年,0
伤寒明理方论,0
伤寒明理方论第,0
伤寒明理论,281
伤寒明理论、伤寒明理方论二、,0
伤寒明理论、伤寒明理方论三、,0
伤寒明理论、校勘后记四、,0
伤寒明理论附阐要编,0
伤寒明理论三方论,0
伤寒明理论四附同要编,0
伤寒明理论四卷附药方论,0
伤寒明理药方论,6
伤寒平议,1
伤寒启徽,0
伤寒启微,0
伤寒启微医学质验五种,0
伤寒钤法,0
伤寒三十六舌之图,0
伤寒三书合璧,2
伤寒杀车槌法,0
伤寒尚论编,0
伤寒尚论编全书,0
伤寒尚论辩似,0
伤寒尚论篇方论,0
伤寒舌鉴上中下,0
伤寒舌胎诊附杜清碧验证舌法附,0
伤寒述徽,0
伤寒述微,0
伤寒说意,25
伤寒说意十首,0
伤寒溯源集,199
伤寒琐言家秘的本杀车槌法提金截江纲明理续论,0
伤寒瑣言,2
伤寒提要,0
伤寒通玄类证,0
伤寒图歌活人指掌,5
伤寒吐则,0
伤寒外传,0
伤寒外传上中下,0
伤寒微旨论,41
伤寒温疫抉要,0
伤寒温疫条辨,79
伤寒温证答问,0
伤寒瘟疫抉要,0
伤寒瘟疫条辩,1
伤寒五种传正文,0
伤寒心法标本类萃,0
伤寒心法要诀,19
伤寒心镜别集,1
伤寒绪论,11
伤寒悬解十四首末,0
伤寒选录,9
伤寒寻源,26
伤寒药能考,0
伤寒药品体用,0
伤寒药议,0
伤寒要旨,4
伤寒一提金,1
伤寒提金启蒙,0
伤寒医诀串解,16
伤寒医诀串解、伤寒真方歌括.,2
伤寒医言歌诀,0
伤寒译通,0
伤寒意珠篇,0
伤寒翼方,0
伤寒音训,0
伤寒运气全书,0
伤寒蕴要,7
伤寒蕴要全书,1
伤寒蕴要五运六气大略,0
伤寒杂病类方,3
伤寒杂病论,1323
伤寒杂病论补注,0
伤寒杂病论古本、伤寒之杂论古本,0
伤寒杂病论古本三首附古本考,0
伤寒杂病论集广义,0
伤寒杂病论集解,0
伤寒杂病论集注,1
伤寒杂病论类纂,0
伤寒杂病论正文,0
伤寒正文异同考,0
伤寒正医录,0
伤寒证类,0
伤寒证脉截江网,0
伤寒证脉药截江纲,0
伤寒证脉药截江网,1
伤寒证治明条备览全,0
伤寒证治准绳帙,0
伤寒直解,5
伤寒指掌,77
伤寒治例,6
伤寒准绳,2
伤寒总病论、条治药法附札记六、附,0
伤寒总病论、音训六、,0
伤寒总病论附札记六附,0
伤寒总病论六附札记,0
伤寒总论,2
伤寒卒病论、凡例即寮中五部秘书、,0
伤寒卒病论、即康平伤寒论,0
伤寒卒病论读,0
伤寒缵论,28
伤寒缵论绪论,1
伤寒缵论二绪论二,0
伤科补要,53
伤暑全书医研悦,0
上池秘录：续编,0
上池秘录前编续编,0
上池秘录三编,0
上池秘录编,0
上池秘录四编,0
上池秘录续编,0
上池水,4
上池杂说,0
上代方书,0
上清紫庭追痨仙方论法,0
上世方证鉴,0
上世方证筌.序,0
上县？书,0
上医本草,1
尚古阁方函,0
尚论编前·后编,0
尚论后编,0
尚论篇前.后篇,0
尚论篇上下篇,0
尚论篇尚论后篇各,0
尚论篇四后篇四,0
尚论篇首一后篇,0
尚论伤寒论重编,0
尚论伤寒张仲景伤寒重编三九七法,0
尚论张仲景伤寒论在编三百九十七法,0
尚论张仲景伤寒论重编三百九十七法,1
尚论张仲景伤寒论重编三百九十七法.前篇首一后编,0
尚论张仲景伤寒论重编三百九十七法尚论篇,0
尚论张仲景伤寒论重编三百九十七法四首,0
尚论张仲景伤寒论重编四首后篇四附校勘记校勘续记,0
少小婴儒方,2
少小婴孺方,8
邵兰荪医案,5
邵氏医案,3
邵氏医案又名《邵兰荪医案》,0
邵氏医书三种,0
绍光校定经史证类备急本草图,0
绍兴本草图残一存第,0
绍兴校定经史证类备急本草残,0
绍兴校定经史证类备急本草画残,0
绍兴校定经史证类备急本草画卷之一,0
绍兴校定经史证类备急本草画五附解题,0
绍兴校定经史证类备急本草书七补,0
绍兴校定经史证类备急本草书五附解题,0
绍兴校定经史证类各急本草,0
绍兴校定证类备急本草图,0
绍兴校定证类本草图残一卷.存卷第八,0
舌门,2
舌诊研究,338
摄生三要,6
摄生谈序并跋,0
摄生堂医宗说约,0
摄生消息论,16
摄生要录,0
摄生要语,0
摄生众钞妙方,0
摄生众炒方,0
摄生众妙方,32
摄生总要,6
摄养枕中方,17
麝考卷第一至六附录,0
申斗外科启玄,0
申斗垣校正外科启玄残,0
身生余谭,0
神方奇术,0
神农本草断,0
神农本草经百种录上中下,0
神农本草经读,210
神农本草经读卷一至四,0
神农本草经读四附录,0
神农本草经歌诀,0
神农本草经合注,29
神农本草经卷上、中、下、考异,0
神农本草经三附考异,0
神农本草经上、中、下经,0
神农本草经上中下.考异,0
神农本草经疏残,0
神农本草经疏三十增补,0
神农本草经序录,5
神农本草经赞附月令七十二侯赞三附,0
神农本草经注论,0
神农本草三家注,0
神农本经,27
神农本经百种录,0
神农本经纪闻,0
神农本经上中下,0
神巧万全方,0
神稳,0
神仙服饵,5
神仙遗论补,0
神效针灸原枢,0
神验单方全集,0
神遗方上中下,0
神应经,85
神应经附八灸法,0
沈朗中先生病机汇论,0
沈氏女科辑要笺正,38
沈氏释骨,0
沈氏医案,8
沈氏尊生书,69
沈氏尊生书三十首,0
沈氏尊生书杂病源流犀烛,0
审视瑶函医案,0
肾囊医诀,0
慎柔五书,24
慎柔书,0
慎斋遗书,154
生草药性备要,80
生理发蒙图式,0
生生堂记,1
生生堂伤寒约言,0
生生堂治验,0
生生直指,0
圣济论五册,0
圣济说录纂要,0
圣济总当纂要,0
圣济总录残二卷存卷第一第二,0
圣济总录二百卷缺卷第一百九十五第一百九十九第二百,0
圣济总录纂要,48
圣济总录纂要残八卷存卷第一至第八,0
圣济总录纂要二十六·目,0
圣余医案诠解,4
师古斋汇聚简便单方,0
师说笔记上下,0
诗本草,0
诗疑,154
湿毒古方后世方经验良方,0
湿温时疫治疗法,9
十九方对证通览,0
十九方术书,0
十三方加减,0
十三科古法选注,0
十三科古方选注,2
十三科选注,0
十三篇国音歌,0
十四经并脏腑图,0
十四经发挥表图,0
十四经发挥抄,0
十四经发挥上中下,0
十四经合参,1
十四经合参十六附,0
四经合纂,0
十四经络发挥和解,1
十四经眸子,0
十四经穴分寸歌一即十四经发挥中,0
十四经穴歌,0
十薰法,0
十药神书附录,0
十药神书一卷附无上玄元三天心传玉堂宗旨治传尸劳虫法,0
十药神书附无上玄元三天心传玉堂宗旨治传尸劳虫法,0
十药神书注解,10
石坂流针治十二条提要,0
石山居士医按,0
石山居士医案,0
石山医案,64
石山医案八种,1
石山医案三附录,0
石氏藏书,0
石室秘录,290
石玩老人诊宗三昧,0
石玩老人诊宗三味,0
石顽老人诊家三味,0
石顽老人诊家宗三昧,0
石顽老人诊宗三昧,0
石顽老人诊宗三味,0
石牙经,0
时病论,205
时病论八附论,0
时方歌括,49
时方妙用,55
时方妙用歌括,0
时方妙用卷一至四,0
时方妙用四卷时方歌括,0
时还读我书上下,0
时氏家传正骨术,1
时疫白喉捷要附增辑普济应验良方,0
时种通编,0
时种统论,0
识病捷法,1
拾品考,0
食鉴本草食愈方重刻大宗伯董玄宰先生秘传延寿丹方,0
食疗本草残,6
食疗正要,0
食疗正要卷之一至四,0
食品辨明,0
食事戒,0
食物と营养,0
食物本草、日用本草七、,0
食物本草二十二附救荒野谱,0
食物本草二十二首,0
食物本草附救荒野谱,0
食物本草纲目二十二卷首一卷24册,0
食物本草会纂八图,0
食物本草会纂卷一至一二,0
食物本草会纂十二图,0
食物本草卷之上下,0
食物本草卷之一至七,0
食物本草卷之一至一0,0
食物本草七附日用本草,0
食物本草医方合注,0
食物本草约言残二卷存卷第三第四,0
食物传信纂,0
食物和歌本草上下,0
食物和歌本草增补卷一至七,0
食物和解大成上中下,0
食物辑要,1
食物宜忌,5
食医心鉴,17
食医要编,0
史记扁鹊仓传补注,0
史记扁鹊仓公列传,134
史载之方,33
史载之方上下,0
士大夫食时五观,3
士林余业医学全书,1
世补斋医书后集,1
世传神效名方全集,0
世医得效方,337
世医得效方二○,0
世医得效方二十目录,0
世医得效方二十序目,0
世医得效方目录,0
世医得效方小儿科,0
世医通变要法,0
世医心法,4
市隐庐医学杂著,1
事物异名录,59
侍疾要语,8
试效神圣保命方,0
试验万应良方,0
是斋百选方残存第至第,0
释草小记,2
释骨,43
释骨一卷折骨分经,0
释骨折骨分经,0
手太阴肺经,59
寿亲养老书此本不完,0
寿亲养老新书,105
寿世编,6
寿世传真,25
寿世方丹,0
寿世金丹,0
寿世青编,30
寿世青编二病后调理服食法,0
寿养从书,0
寿养丛书,34
兽医,185632
蔬食谱,11
鼠疫约编,23
述古斋医书,0
述古斋幼科新书,0
腧穴折衷,0
水玄珠,263
水肿规鉴,0
顺受堂药秘抄,0
顺天堂医事杂志卷一～五,0
顺治以来医家,0
说郛药谱,0
说疗,3
司牧〓马安骥集,0
司牧疗马安骥集,0
私定伤寒论,0
斯集,41
巳任编,0
四部总录医药编,1
四花膏盲图说,0
四家医案,121
四库全书提要医家类,1
四库全书珍本初集,226
四库未收书提要:医书部并白田草堂存稿卷九,0
四明医案,10
四气奢摄生图,0
四圣心源,583
四圣悬枢,14
四时感症编,0
四诊备要,0
四诊法,27
四诊抉微,65
四诊抉微八管窥附余,0
四诊心法要诀,11
四诊要诀,1
四种须知,0
松峯说疫,0
松峰说疫,54
松山本草,0
松厓医经,0
松崖医径,5
嵩崖尊生全书,14
嵩崖尊生书,4
宋板伤寒论,1
宋版伤寒论,11
宋徽宗圣济经,15
宋元检验三录之一,0
宋重医药表,0
苏沈良方八拾遗,0
苏沈内翰良方,37
苏沈内翰良方十,1
俗解八十一难经,10
俗解龚方集,0
素灵徽蕴,0
素灵类纂约注,1
素灵微蕴,77
素录微蕴,0
素女方,8
素女方附秘授清宁丸方,0
素女经,34
素女论,1
素圃医案,46
素问病机气宜保命集,328
素问抄,2
素问钞补正,0
素问记,1
素问经注节解,91
素问纠略,0
素问类纂约注,0
素问立机原病式,0
素问灵枢类纂约注,21
素问六气玄珠密语,2
素问明义,0
素问入式运气论奥谚解,0
素问入式运气论实,0
素问绍识,35
素问识,115
素问识附解题,0
素问识解题,0
素问释义,52
素问王冰校注,0
素问王冰注校,3
素问心得.灵枢心得,0
素问玄机气宜保命集,1
素问玄机元病式,2
素问玄机原病式例,0
素问玄机原痛式,0
素问逸篇,1
素问劄记,3
素问直解,497
素问注证发微,251
素仙简要,0
溯洄集,162
溯洄论,1
隋息居饮食谱,1
隋园食单,1
隋园饮食谱,0
随山宇方抄,0
随息居饮食谱,105
随息居重订霍乱论,39
随园食单,240
遂生编,5
遂生福幼合编,0
碎金赋,1
隧输通考,2
孙真人备急海上仙方,0
孙真人备急千金方,1
孙真人备急千金要方存目录,0
孙真人备急千金要方九十三目录,0
孙真人海上方,6
孙真人千方衍义,0
孙真人千金方衍义,1
琐言备用良方,0
琐言奋用良方,0
他杀狂,0
胎产调养方法,0
胎产护生篇补遗,0
胎产救急方,0
胎产心法,33
胎产新书,3
胎产须知,0
胎产要录,0
胎产遗论,0
胎儿息经疏,0
胎前调养方法,0
胎养良方,0
太初脉辩,0
太平广记,7045
太平惠民和剂局方十序目,0
太平惠民和剂局方重刻,0
太平圣惠方百目,0
太平圣惠方九十八序目,0
太平圣惠方一○○,2
太平御览本草经,0
太上黄庭经发微,0
太上黄庭内景玉经.太上黄庭外景经,0
太素脉诀,0
太素脉诀统泉,0
太素脉诀统宗,0
太神针方,0
太医局程文,1
太医局诸科程文,25
太医院补遗本草歌诀雷公炮制,0
太医院补遗真传医学源流肯綮大成,0
太医院经验捷效单方,0
太医院经验奇效良方大全,0
太医院经验奇效良方大全摘抄,0
太医院精选急救小儿良方直言,0
太医院明医辨证起死回生方,0
太医院手授经验百效内科全书,0
太医院校注妇人大全良方,0
太医院校注妇人良方大全,1
太医院增补捷法医林统要人外科方论大全,0
太医院增补捷法医林统要外科方论大全,0
太医院真传全幼心鉴,0
太医院志,24
太医院祖师集撰诊脉式法,0
太医张子和先生撮要图零本,0
太医张子和先生儒门事亲,3
太医张子和先生三法六门方,0
太医张子和直言治病百法,0
太乙神针说,0
泰定养生论,0
泰定养生主方,0
泰定养生主论,42
泰定养生主论略方,0
泰西本草名疏卷上下,0
泰西水法,143
痰火颛门,0
痰水点雪,0
汤液本草卷上中下,0
汤液本草卷一至六,0
汤液经,129
汤液片玉本草,0
唐宋卫生歌,0
唐王焘先生外台秘要方,1
唐王焘先生外台秘要方四十序目,0
唐玉焘先生外台秘要方,0
塘医话一补编二,0
桃洞遗笔,0
陶节庵伤寒全集,0
陶节庵伤寒全生集,1
提耳谈,0
体雅,23
天工开物,2078
天花八阵编,0
天花精言,4
天行汇说,0
天行厥病论,0
天隐子养生书,3
田氏保婴集,1
通俗医法捷径,0
通物电光学,0
通志草木昆虫略,0
通志昆虫草本略,3
通志昆虫草木略,35
同仁堂虔修诸门应证丸散,0
同心堂温病条辨六首,0
桐斋学医录,0
铜人腧穴针灸图四叶,0
铜人图四叶,0
铜人针灸全书,1
铜人针炙经,0
童蒙训,141
童蒙宜讽类,0
头等亲养老新书,0
图解本草医方合编,0
图经备要本草诗诀,1
图经备用本草诗诀,0
图经本草药性总论,4
图经节要补本草歌括,0
图经衍义本草,24
图括定局立成一新黄帝内经素问素问遗篇一附新刊素问入式运气论奥三素问运气,0
图书和语本草纲目,0
图书集成医部全录五百,1
图像本草蒙筌卷之一至一二,0
图像本草蒙筌二首一总论一,0
图像本草蒙筌十二首,0
图像本草蒙筌十二首总论,0
图像本草蒙筌十二总论,0
图注十一难经,0
图注八十一难经辨真,7
图注八十一难经定本,0
图注本草备要一至,0
图注本草医方合编,0
图注脉诀辨真,0
图注脉诀辨真四脉诀附,0
图注脉诀雍真,0
图注难经,2
图注难经定本,0
图注难经脉诀,1
图注难经统宗??,0
图注王叔和脉诀四附方,0
屠苏方考,0
土参考,2
吐法编,0
吐灋编,0
吐方撮要,0
吐方考,3
推拿秘书,33
推拿文意,0
推求师意,43
外科金镜录,0
外科传薪集,6
外科撮要上下,0
外科大成,176
外科大全,4
外科大小合参,0
外科发挥,35
外科方外奇方,3
外科方语谭,0
外科集验方,32
外科集要,1
外科经效秘方,0
外科经验方,0
外科经验良方,0
外科经验秘方,0
外科精要补录三，,0
外科精要三附陈氏小儿痘疹方论,0
外科精要三附录,0
外科精义,76
外科精义卷十八-十九,0
外科理例,94
外科理例七补遗,0
外科理例七补遗一,0
外科理例七补遗附方,0
外科理例七附方,0
外科理例七附方一,0
外科秘方四卷存卷第一.第二,0
外科秘录,8
外科秘要,1
外科启玄,106
外科启玄残,0
外科钤古方,0
外科上池秘录,0
外科十法,0
外科手录,0
外科书,2
外科枢要,32
外科图说,12
外科心法,281
外科心法要诀,233
外科心法要旨,0
外科熊掌,0
外科真诠,44
外科真铨,2
外科正研宗,0
外科正宗拔粹,0
外科正宗回春,0
外科正宗十二,2
外科正宗新刊,0
外科证治全生集,149
外科证治全书,114
外科症治全生集,22
外科症治全书,0
外科症治全书集,0
外科众方规矩,0
外科准绳,6
外科纂要经验良方,0
外疗细渐,0
外疗新明集卷中下,0
外疗新明集上,0
外伤金镜录,1
外台秘要方残,0
外台秘要方残本,0
外台秘要方蓝川标记,0
外台秘要药铭,0
外台寿世方,0
外治方鉴二绘图,0
外治寿世方,33
外治寿世方初编,4
万病回春病因指南,0
万病回春残三卷存卷第二第四第七,0
万病回春四卷存卷第一至第四,0
万病回春万金统述钞,0
万病回春新刊,0
万病回春原本,1
万金备急,0
万金一统,0
万金一统抄,0
万金一统述钞,0
万金一统述钞有分,0
万金一统述纂注,0
万历板医说,0
万密斋书一○,0
万密斋医书一百○,0
万密斋医学全书,137
万民家抄济世良方,0
万全备急方,0
万全备急续方,0
万氏痘疹奇书,0
万氏妇人科,71
万氏妇人科三附方,0
万氏积善堂秘验滋补诸方,0
万氏家抄,3
万氏家抄痘疹诸家方论,0
万氏家抄济世良方,0
万氏家钞济世良方,0
万氏家传保命歌括,12
万氏家传传广嗣纪要,0
万氏家传痘疹心法,7
万氏家传妇人秘科,1
万氏家传广嗣纪要,17
万氏家传片玉痘疹,0
万氏家传片玉心书,1
万氏家传伤寒摘锦,1
万氏家传养生四要,13
万氏家传育婴,2
万氏家传育婴秘诀,1
万氏医书十种,0
万寿丹书,0
万寿仙书,12
万寿仙书三首,0
汪石山医按,0
汪石山医书八种,0
汪石山医书七种,0
汪氏痘诊大成,0
汪氏痘疹大成,0
汪氏痘疹大成集览,0
汪氏医学丛书,2
王府内科医国大方中和活旨,0
王翰林集诸家补注黄帝八十一难经,0
王翰林集注黄帝八十一难经,0
王宏翰案,0
王洪绪先生外科证治全生,1
王孟英医案,79
王氏家传济世碎金方,0
王氏秘传叔和图注释义脉诀评林捷径统宗.新刻图注脉诀统宗,0
王氏医案,59
王氏医案绎注十附录,0
王氏医案绎注附录,0
王氏医存,67
王叔和脉经,71
王叔和脉诀残,0
王叔和脉诀评林,0
王叔和图注难经脉诀,0
王肖乾先生行笈验方,0
王旭高临证医案,50
王旭高医案,58
王旭高医书六种,62
王医官纂辑简选袖珍方书,0
王宇秦先生订古今医鉴,0
王宇泰医辨,0
王宇泰医镜,0
往方辨,0
望色启微,4
微疮秘录,0
微疮秘录标记,0
尾信二家眼科医事大坊用药制法术、诹访眼法钞,0
韡园医学六种,0
卫济宝书,44
卫生宝鉴,276
卫生宝鉴二十四补,0
卫生宝鉴二十四补遗,0
卫生宝鉴二十四附遗,0
卫生长寿法,0
卫生集残,0
卫生家宝产科备要,39
卫生家宝方,3
卫生家宝三百方,0
卫生家宝汤方,0
卫生简易方十二,0
卫生类钞,0
卫生秘要抄,0
卫生十全方,1
卫生学问答,0
卫生延年纪残,0
卫生要术,4
卫生要旨,20
卫生要旨卷八,0
卫生要旨卷三,1
卫生要旨卷四,0
卫生易简方,18
卫生有宝方六卷原阙卷第一第六卫生家宝汤方残一卷存卷上,0
卫生杂录,0
卫生至要,0
胃气论,6
胃气论附馀,0
胃气论一附馀一,0
魏氏家藏方,13
魏氏家藏方十序目,0
温病论,88
温病条辨方证歌附医理新解,0
温病条辨六卷首,0
温毒病论,5
温故堂医谭前编,0
温没论,0
温泉考,7
温热病指南集,5
温热经解,3
温热经纬,547
温热论笺正,13
温热暑疫全书,26
温热条辨,2
温热赘言,2
温氏隐居助道方服药须各,0
温氏隐居助道方服药须知,0
温疫发微,0
温疫方论,0
温疫方论解,0
温疫方论解四首,0
温疫汇编,1
温疫论标注二补遗,0
温疫论补注,28
温疫论解,0
温疫论类编,0
温疫论类编目录,0
温疫论上,0
温疫论私评,2
温疫论下,3
温证指归,1
瘟科辨要,0
瘟设论类编,0
瘟疫反案上下,0
瘟疫方论,0
瘟疫方论解,0
瘟疫汇编,1
瘟疫考观舌录,0
瘟疫论标注,0
瘟疫论·补遗一,0
瘟疫论二补遗,0
瘟疫论二补遗一附按一,0
瘟疫论发挥,0
瘟疫论解,0
瘟疫论类编,1
瘟疫论类编五读论要旨,0
瘟疫论类编五附读论要言,0
瘟疫论类编五合刊：松峰说疫,0
瘟疫论上下,0
瘟疫论私评,0
瘟疫论私评上下,0
瘟疫论俗释,0
瘟疫论翼诀上下,0
瘟疫论正误,0
瘟疫明辨,21
瘟疫平议,0
文会录,3
文堂集验方,4
闻人规伯园先生痘疹方论,0
闻人氏伯园先生痘疹论,0
闻人氏伯圜先生痘疹论,0
闻人氏痘疹论,0
问脉,83
问心堂病条辨,0
问斋医按,0
问斋医案,28
翁仲仁先生痘科金镜赋,0
无病长命福贵传,0
无上玄元三天心傅玉堂宗旨治傅尸劳虫总方,0
吴本正文素问灵枢,0
吴鞠通先生方案,0
吴梅坡医经会元保命奇方,0
吴氏家抄济世良方,0
吴氏家钞济世良方,0
吴氏食物本草,0
吴医汇讲,181
吴医论讲,0
吴又可先生瘟疫全书,0
五藏方,1
五藏六府变化傍通诀注,0
五藏六腑变化旁通诀,0
五藏论平脉略例,0
五藏论一平脉略例一,0
福全书,2
五福万寿丹书,0
五福万寿丹书安养篇,0
五家方函,0
五云子腹候,0
五云子腹疹法,0
五蕴抄四原书作东、西、南、北,0
五种经验方,1
勿听子俗解八十一难经抄,0
勿听子俗解八十难经六图六图,0
勿听子俗解八十难经六纂图六纂图,0
勿听子俗解脉诀大全,0
勿误药室方函,2
勿药须知,0
勿药元诠,2
物类口骘,0
物类相感志,63
夕庵读本草快编,3
西方子明堂炙经,0
西忍家传书,0
西塘感症,3
西洋易筋经,0
西药大成首一药品中西名目表一补编,0
西药略释,8
西医举隅,9
西医略论,29
析骨分经,0
奚囊便方,0
稀痘神方,0
溪医案选摘要,1
洗冤集录附圣朝颁降新例五附,0
洗冤录辨正,6
洗冤录补注全书,0
洗冤录集汇纂,0
洗冤录集证,22
洗冤录检验集证,0
洗冤录详义首一本方,0
洗冤录义证,5
遐龄小儿方,1
遐年要抄,0
遐年要钞,0
下四经发挥三附十四经穴治法,0
仙传济洞方,0
仙传外科集验方,18
仙传外科秘方,9
仙拈集,2
仙授理伤续断秘方,159
先君邢部所藏五痔方,0
先醒斋笔记,3
先醒斋笔记炮炙大法一,0
先醒斋广笔记,32
先醒斋医方笔记,0
先哲丛谈,80
先哲医话,11
先哲医言,0
闲窗偶笔,0
弦雪居重订遵生八笺,0
弦子产论,0
险证百问,0
险证有问,0
险症百问,0
县囊医案,0
乡药集成方,13
香乘,79
香川先生丸散方,0
香奁润色,7
香奁润色集,0
香要钞,0
香字抄,1
详校万病回春,1
项氏耐庵延寿针图,0
逍遥子导引诀,1
硝石制造辨,0
小儿癍疹备急方论,0
小儿纯阴论,0
小儿痘疹备急方论,0
小儿痘疹方论别集,0
小儿痘疹袖金方论,0
小儿戒草,0
小儿论,7
小儿推拿方脉活婴秘旨全书,9
小儿推拿广义,6
小儿推拿广意,24
小儿推拿活婴全书,0
小儿推拿仙术秘诀,0
小儿卫生总徽论方,0
小儿卫生总微论,127
小儿卫生总微论方,124
小儿研悦方,0
小儿药证直诀二附方,0
小儿药证直诀笺附阎氏小儿方论笺、董氏小儿斑疹备急方论笺正三附正,0
小儿药证直诀三附阎氏小儿方论一小儿斑疹备急方论一三附,0
小儿一流奇功良方,0
小儿医方,2
小儿用养育草,0
小儿杂证便蒙捷法,0
小儿则,12
小儿则古方,0
小儿治痢要法,0
小儿治痢要法·小儿纯阴论,0
小儿诸症病治,0
小儿总论,1
小品考,0
小青囊,1
小青囊汤名,0
小野兰山、水谷丰文尺牍,0
小易赋,1
孝慈各览,0
效方杂病,0
效仿集,0
校定温疫论,0
校刻伤寒图歌活人指掌,1
校增救急易方,0
校正方舆,0
校正方舆卷之一,0
校正金匮要略,2
校正普济本事方,0
校正千金翼方,2
校正伤寒论,2
校正伤寒卒病论集,0
校正图注难经脉诀,0
校正新增观聚方要补,0
校正注方真本易简方论,0
泄痢神书证治烈方,0
泻疫新论,2
泻疫新论或问,0
心医集,6
心印绀珠经,7
心源匙锤,0
新)医学权舆,0
新编妇人大全良方,1
新编妇人大全良方二四首,0
新编妇人良方补遗大全,0
新编鸿飞集论眼科,0
新编集成马医方,14
新编集成牛医方、马医方各,0
新编集成牛医方新编集成马医方,0
新编济世全书,0
新编洁古老人注王叔和脉诀,1
新编金匮要略方论,25
新编金匮要略集注,0
新编救急奇方,0
新编类要图注本草,0
新编类要图注本草四十二上,0
新编类要图注本草二相片二千八叶,0
新编名方类证医书大全残,0
新编名方类证医书大全二十四附医学源流,0
新编南北经验医方大成,0
新编南北经验医方大成十首目,0
新编山居简要医方便宜,0
新编伤寒类证便览,0
新编商便应急奇方,0
新编寿世传真,0
新编王叔和脉诀图要俗解,0
新编五福万寿丹书安养篇,0
新编医经正宗,0
新编医学正传,0
新编医学正传残,0
新编医学正传或问,0
新编医学正传医学或问,0
新编张仲景注解伤寒百证歌,0
新编诊脉须知,0
新编证类图注本草,0
新编中学生理书,0
新大成医方,0
新雕孙真人千金方,39
新订奇验喉证明辨,1
新集救急疗贫易简奇方,0
新集医家蕴奥集,0
新镌本草纲目类纂必读,0
新镌痘疹心印,0
新镌解张仲景伤寒发徽论,0
新镌类证增注伤寒百问歌,0
新镌集本草炮制药性赋,0
新镌陶节庵家藏秘授伤寒书,0
新镌陶节庵家藏伤寒书,0
新镌外科活人定本,0
新镌万寿丹书,0
新镌张介石先生意著必读资蒙医经,0
新镌郑先生痘经会成保婴慈录,0
新刊补注释文黄帝内经素问,2
新刊补注释文黄帝内经素问二附素问入式运气论奥三,0
新刊补注释文黄帝内经素问二附新刊素问入式运气论奥三黄帝内经素问遗篇一,0
新刊补注铜人腧穴针灸图经,23
新刊补注王叔和脉诀,0
新刊东溪节略医林正宗,0
新刊东垣十书脉诀,0
新刊东垣十书内外伤辨惑论,0
新刊东垣十书汤液本草,0
新刊东垣十书外科精义,0
新刊东垣十书医经溯涸集,0
新刊东垣十书医经溯洄集,0
新刊痘科辨要,0
新刊痘科明镜书,0
新刊痘疹证治要诀,0
新刊窦汉卿编集针经指南,0
新刊多识编,0
新刊范句解十一难经,0
新刊风科本草存上,0
新刊风科本草治风药品,0
新刊风科集验名方,0
新刊古今医鉴,2
新刊官板本草真诠,1
新刊官本类证医林集要,0
新刊广成先生玉函经解,0
新刊黄产内经灵枢,0
新刊黄帝明堂灸经,1
新刊黄帝内经灵枢,7
新刊黄帝内经灵枢集注,0
新刊黄帝内经灵枢一题黄帝素问灵枢集注,0
新刊汇集完真妙谛捷径并附经验奇方,0
新刊惠民御药院方,0
新刊简明医彀,0
新刊京板校正大字医学正传,0
新刊京本校正大学)医学正传,0
新刊京本袖珍方大全,0
新刊经验痘疹不求人方论,0
新刊精选医方摘要,0
新刊灸膏育腧穴法,0
新刊军门秘传,0
新刊黎居士简易方论存,0
新刊良朋汇集,0
新刊刘河间伤寒直格,0
新刊鲁府禁方,1
新刊脉诀刊误,0
新刊秘传痘疹金镜录,0
新刊秘授外科百效全书,1
新刊秘授外科百效全书外科补遗秘授经验奇方六首,0
新刊名方类证医书大全,4
新刊明目良方,0
新刊明医秘传济世奇方万疴必愈十一,0
新刊明医选要济世奇方,0
新刊内外科正宗内科,0
新刊普剂良方,0
新刊仁斋直指方论,3
新刊仁斋直指附遗方论,0
新刊仁斋直指附遗方论新刊仁斋直指小儿附遗方论,0
新刊仁斋指方论医脉真经,0
新刊伤寒撮要,0
新刊伤寒类书活人总括,0
新刊伤寒直格,0
新刊八大家参并名医医家亦帜益辨全书,0
新刊八大家参并医名医家赤帜益辨全书,0
新刊十经发挥,0
新刊太医院校正附注指图注八十一难经辨真,0
新刊通真子补注王叔和脉诀,1
新刊通真子补注王叔和脉诀三新刊补注通真子脉要秘括二,0
新刊外科正宗,1
新刊万病回春,1
新刊万病回春原本,1
新刊万氏家传养生四要,0
新刊万氏家传幼科发挥,0
新刊温故秘录,0
新刊勿听子俗解八十一难经,1
新刊晞范句解八十难经八附图,0
新刊校正李东垣官板药性大全,0
新刊徐氏家传针灸捷法大全,0
新刊续扶寿精方,0
新刊续添是斋百一选方,1
新刊演山省翁活幼口译,0
新刊演山省蓊活幼口议存卷一至八,0
新刊药性要略大全,1
新刊医方约说,0
新刊医家必用,0
新刊医家必用类选,0
新刊医林壮元寿世保元,0
新刊医林状元济世全书,1
新刊医林状元寿世保元集,0
新刊医林状元寿世保元一,0
新刊医学集成,0
新刊医学真经,0
新刊云林神谷,0
新刊运气论口议,0
新刊针经指南,0
新刊种杏仙方,1
新刊注释素问玄机原病式,0
新刊庄季裕编灸膏育腧穴法,0
新刊子午流注针经井荥歌诀,0
新刊纂图元亨疗马集,0
新刻保生心鉴,0
新刻参补马经大全,0
新刻参补针医马经大全,0
新刻陈养晦先生伤寒五法,0
新刻褚氏遗书,0
新刻东垣李先生精著珍珠囊药性赋,0
新刻怪证奇方,0
新刻华佗内照图,0
新刻黄帝内经素问抄,0
新刻锦身机要,0
新刻景岳先生质疑录,0
新刻景岳先生质疑录二附敖氏伤寒验证舌法图说一,0
新刻类修要诀,0
新刻脉诀,1
新刻脉诀刊误,1
新刻秘传眼科七十二证全书,0
新刻秘授外科百效全书,0
新刻明医参补三合王叔和脉诀合编,0
新刻明医校正图注活人指掌残,0
新刻南方草木状,0
新刻聂久吾先生医学汇函,0
新刻三元参赞延寿书四首,0
新刻山居四要,0
新刻伤寒六书纂要辩疑四伤寒活人指掌补注辩疑三,0
新刻摄生集览,0
新刻摄生要义,0
新刻食鉴本草,0
新刻食物本草,0
新刻寿亲养老书,0
新刻苏沈良方,0
新刻孙真人海上仙方后集,0
新刻太素脉诀秘书,0
新刻太素心要.新刻太素脉诀秘书,0
新刻太医院订正鳌头医方捷径,0
新刻太医院校授丹溪秘藏幼科捷经全书,0
新刻太乙仙制本草药性大全,1
新刻痰火点雪,0
新刻图注伤寒活人指掌五首,0
新刻万氏家传保命歌括,0
新刻万氏家传广嗣纪要,0
新刻汪先生宗藏医学原理,0
新刻小儿杂痘秘传便蒙捷法,0
新刻校定脉诀指掌病式图论,0
新刻校定脉诀指掌病式图说,0
新刻校定脉诀指掌图,0
新刻校正大字李东垣先生药性赋,0
新刻修真秘要,0
新刻养生导引法,1
新刻养生类纂,0
新刻养生食忌附急救良方,0
新刻养生月览,0
新刻医衡,0
新刻医汇之二食物益损摘抄一,0
新刻医经小学,0
新刻医学碎全,0
新刻幼科百效全书,5
新刻云林神彀,0
新刻增补王叔和脉诀图注定本,0
新刻增补医术方旨,0
新刻针医参补马经大全,0
新刻质疑录,0
新刻朱师常先生家秘医学新知全书,0
新锲鳌头活幼诸症小儿痘疹全书,0
新锲千选回生达宝秘传明论医方,1
新锲太医院鳌头诸症辩疑,0
新锲汪石山医案,0
新锲王府内科医国大方中和活旨,0
新锲药性会元,1
新锲御院秘传补遗痘疹辨疑全幼录存地集卷三,0
新锲御院秘传补遗痘疹辩疑全幼录,0
新锲云林神彀,0
新锓鳌头金丝万应膏徐氏针灸全书,0
新锓丹溪先生医书纂要心法,0
新锓儿科选粹太乙秘传活婴秘旨推拿方脉,0
新锓儿科选粹太乙仙传活婴秘旨推拿脉,0
新锓太医院秘传妙诀百百病回春要紧直方,0
新识注解小儿医方,0
新条本草,0
新校东垣书,0
新校宋板伤寒论、伤寒论示旧、附和训伤寒论、口语译伤寒论十卷不分卷附二十,0
新校正华先生中藏经,0
新修本草,1218
新修本草残,6
新修本草残--,6
新修本草残缺,0
新修本草残一卷存第二十,0
新修本草存残,0
新修本草第三至五、一二、一四、一五、一七至二0,0
新修本草附解说,0
新修本草卷第三至五、一二至一五、一七至二0,0
新修本草卷第十七·十八断简,0
新修严氏济生论方,0
新旋医学入门衡要,0
新增救急易方,0
新增炮炙全书,0
新增臞仙神隐传,0
新增素问运气图括定局立成,0
新增医方药性捷径合编,0
新增愚按口诀,0
新增遇按口诀,0
新纂伤寒溯源,0
信验方续信验方,0
行军方便便方,2
行医八事图,0
醒世格言,0
醒医六书瘟疫论,0
杏林笔谈,0
杏林内省录,0
杏林余兴,1
杏轩医案,77
杏荫斋正骨要诀,0
性命圭旨删补定本,0
性命双修万神圭旨,1
性药赋,0
修龄要旨,4
修龄要指,11
修事指南,34
修养编,0
修养须知,0
修真秘诀,3
修真演义,0
修真种玉,0
修正伤寒全论考,0
修治古义,0
修治药法,0
袖珍方残,0
袖珍方大全四卷即新刊袖珍方大全,0
袖珍小儿方,0
袖珍医便,0
虚损启微,4
徐灵胎先生杂著五种,0
徐灵胎医略六书,1
徐灵胎医学全书,229
徐评外科正宗,29
徐氏六种,0
徐氏医书八种,2
徐氏医书六种,4
徐氏针灸大全,0
徐忠可伤寒图论,0
徐忠可图论,0
许叔微伤寒论著三种,28
许学士类证普济本事方后,0
续本事方,0
续博物志,113
续扶寿精方,0
续简易方脉论,0
续建殊录,0
续刻简单验方,0
续名医类案,317
续牛渚漫录,0
续素问钞,0
续眼科锦囊,2
续疡科秘录,0
续医断,3
续医断上下,0
续医说,25
续医与,0
续易简方论后集,2
续易简方脉论,2
续增日食菜物,0
宣麟策一续编一,0
玄门脉诀内照图,3
玄女房中经,0
玄冶目附之书上下,0
玄冶药方口解,0
玄珠密语,8
悬袖便方,1
选录验方新编,0
薛按陈氏痘疹方论,0
薛立斋医按方,0
薛立斋医按内科摘要,0
薛立斋医书十种,0
薛立斋医书种,0
薛氏痘疹撮要四附薛按陈氏痘疹方论,0
薛氏二十四种,0
薛氏方书,0
薛氏内科医案九,0
薛氏医按,4
薛氏医按二十四种,2
薛氏医案一百○,0
薛氏医案二十四种,4
薛氏医案二四种,0
薛氏医案二十四种一百零,0
薛氏医案七附方,0
薛氏医案七附方七附方,0
薛氏医书六种,0
穴法纪闻,0
穴名备考,0
穴名搜捷,0
学古诊则,2
学术研究根告,0
学医随笔,3
雪潭居医约,1
血证论,1455
血症论,19
血症全集,0
循经放穴编二附图,0
鸦片戒,2
咽喉经验秘传,4
咽喉脉证通论,7
咽唯脉证通论,0
延岭药石,0
延寿撮要,0
延寿第绅言,0
延寿和方汇函,0
延寿类要,0
延寿摄要,0
延寿神方,3
延寿养生,5
延寿养生论,0
延禧堂医书,0
闫氏小儿方论,0
严氏济生方,279
严氏济生方存卷一,0
严氏济生方论,0
严氏济生方十,0
严氏济生方十目录,0
严氏济生方十序目,0
严氏济生续方八·补遗,0
严氏济生续方八附补遗,0
研经言,60
阎诚斋先生胎产心法,0
阎氏小儿方论,2
阎孝忠方,0
衍庆编,9
眼科大全,29
眼科大全本文共,0
眼科简便验方,2
眼科捷径,1
眼科金方芳术秘函,0
眼科锦束,0
眼科菁华录,2
眼科龙木论,101
眼科龙木医书十总论,0
眼科秘授灵验方,0
眼科七十二证全书,0
眼科神效,0
眼科书,7
眼科心法要诀,18
眼科新书,0
眼科要録,0
眼科要略,0
眼科医疗手引草,0
眼科证治,51
眼科纂要,15
眼目明鉴,0
演山省翁活幼口译,0
验方新编附续编,0
验舌症法,0
验证舌法,0
谚解痘疮集要,1
阳春集,129
杨氏家藏方,59
杨氏家藏方廿首,0
杨氏太素论诊皮,0
杨氏太素部诊法补证一九侯篇诊注补证一十二经动脉表一,0
杨氏太素诊络篇补证三病表名词,0
杨氏太素诊络篇补证三附录三附,0
杨氏提纲,1
杨注太素九候篇诊法补证十二经动脉表,0
疡疮经验全书,0
疡科方鉴,0
疡科方筌附:春林轩丸散方,0
疡科临证心得集,1
疡科秘录九,0
疡科秘录卷四上,0
疡科秘录卷之八至一0,0
疡科琐言,0
疡科选粹,10
疡科选粹残,0
疡科选粹残四卷存卷第五至第八,0
疡科证治准绳,2
疡科准绳存下,0
疡医大会,0
疡医大全,182
疡医大全痧疹门,0
疡医准绳,2
疡医准绳六卷缺卷二,0
洋痘释疑,1
养老百则,0
养老奉亲书,83
养气录,0
养生长寿秘传抄,0
养生肤语,13
养生镜,2
养生诀,14
养生类要,16
养生类纂,25
养生录,2
养生日程,0
养生食忌附急救良方附,0
养生书五种,0
养生四要,44
养生新编拾遗,0
养生须知,1
养生训,10
养生月览,1
养生月录,0
养寿院方录,0
养寿院医则附录,0
养性延命录,225
养性延命录混俗颐生录,1
养幼新编,0
养正遗规并补编,0
姚氏药言,1
药方抄录,0
药方简义,0
药方全书,0
药方小牋,0
药鉴,253
药洁通义,0
药镜,26
药笼本草卷之上、中、下,0
药笼本草上中下,0
药名备考和训抄,0
药名称呼,0
药名考证,20
药名谱,0
药能方法辨,0
药品辨惑,0
药品辨义,18
药品化义,162
药品南名气味正治歌括,1
药品手引草,0
药品手引草乾,0
药品手引草下,0
药品新编,0
药铺分量考,0
药圃图篆,0
药山纪绩全编,0
药善堂养生话,0
药微续编,0
药象,19
药性本草约言,2
药性粗评,9
药性单方,0
药性得要,1
药性灯,0
药性赋大全,0
药性赋附珍珠囊附,0
药性赋注解,1
药性歌,133
药性歌赋杂录,0
药性歌括一诸病主药一附十四经穴分寸歌一五藏六府变化傍通诀,0
药性会元,1
药性集医方,0
药性考,18
药性能毒,0
药性能毒卷一,0
药性奇方,0
药性讨源,0
药性要略摘抄,0
药性纂要,6
药雅,85
药言宝典,0
药要集,0
药业启原卷中,0
药用黄耆本草学及生药学的研究,6
药征,57
药征卷之二上、中、下,0
药征卷之一,0
药征续编,30
药徵卷之上、中、下,0
药徵续编,0
药症忌宜,1
药治通义,46
药治通义辑要,0
药治玄机赋,0
药种目录,0
药种知便草,0
药准,131
也是山内医案,0
也是山人医案,7
冶痘科,0
野菜博录,36
野菜博录摘抄,0
野菜笺,2
野菜谱,1
野菜赞,4
叶案疏广正,0
叶氏景岳发挥,1
叶氏录验方,10
叶氏温病条辨,0
叶氏眼科方,0
叶氏医案存真三附马氏医案并附祁案王案一,0
叶氏医案存真三马氏医案并附祁案王案一,0
叶氏增批温病条辨,1
叶天士女科医案,0
叶天士晚年方案真本,10
叶选医衡,19
叶种德堂丹丸全录,0
夜船闲话,0
一本堂行余医言,1
一本堂行余医言附治法,0
一本堂行作余医言,0
一本堂药选:中编,0
一本堂药选F编.续编,0
一本堂药选续编,0
一本堂医事说约,0
一草汇笺,0
一草亭目科全书,21
草亭目科全书异授眼科,3
一草亭目科全书一异授眼科一,0
一得集,19503
一贯堂脚气方论,0
一见能解经验医诀,0
角纂考,0
一提金启蒙,0
一万社草,0
一夕医话,0
一夕医话残存卷上,0
伊尹汤液仲景广为大法,0
伊尹汤液仲景广为大法四附录皆效方,0
伊尹汤液仲景广为大法四附录皆效方一,0
医按辨,0
医按四验方一,0
医按五附验方,0
医案汇函,0
医案类录,0
医案类语一至,0
医案戾蒙,0
医案启蒙,0
医案说约,0
医碥,376
医便六,0
医便五·提纲,0
医便五提纲,0
医便五提纲一,0
医便续集,0
医藏目录一附秘传疹子心法一,0
医藏目附秘传疹子心法,0
医藏目一附秘传疹子心法一,0
医藏书目,23
医彻,18
医传旨要,0
医醇賸义,102
医粹,99
医粹精言,14
医道百首,0
医道便易和解,0
医道大意,0
医道二千年眼编,0
医道国语歌,0
医灯读焰,0
医灯续焰,76
医灯续焰二十一首,0
医灯续焰一首,0
医灯续焰摘抄一,0
医灯续焰目录,0
医痘金丹,0
医读,6
医法名鉴,0
医法明鉴,0
医法心传,8
医法圆通,184
医法昭筌,0
医法指南,1
医范,6
医方歌诀,5
医方宝要四集,0
医方本草合编,0
医方便览,0
医方辨证录,0
医方丛话,9
医方撮要,0
医方大成钞南此经验,0
医方大成和语钞,0
医方大成论,4
医方大成论抄,0
医方大成论钞,1
医方大成论和,0
医方大成论和语抄,0
医方大成论和语钞,0
医方大成论谚解,0
医方大成论之抄,0
医方分量考,1
医方歌括,3
医方古言,0
医方规矩,0
医方规矩上中下,0
医方汇编,7
医方活套,1
医方集解一本草备要八,0
医方集解二十一本草奋要,0
医方集解二十附录,0
医方集解一附录一,0
医方集解三卷缺卷中,0
医方集略,1
医方集宜,20
医方纪原,0
医方简义,5
医方简易新编,0
医方捷径指南全书,0
医方聚要,0
医方类聚,183
医方类聚存,0
医方类聚二0,0
医方类聚二百,0
医方明本典,0
医方明大意,0
医方启蒙,0
医方挈领,0
医方随笔,0
医方汤方歌括,0
医方汤头歌诀附经络歌诀,0
医方提要,0
医方新鉴,0
医方选要,11
医方研几,0
医方约说,1
医方杂录,0
医方在成论和语抄,0
医方摘要,1
医方正传,0
医方咒法杂编,0
医方祖剂,0
医纲提要,2
医故,8
医官玄稿,2
医贯砭,19
医贯目录,0
医海蠡测,0
医海求源,0
医汇之十二食物益损摘抄,0
医霍玄高,0
医级,21
医级宝鉴首一末一,0
医疾令,25
医籍考,599
医寄伏阴论,1
医家必携,0
医家必要,0
医家必用附脉学大要,0
医家初训,0
医家大业要览,0
医家要脉宝决疑,0
医家秘传集略,0
医家秘传随身备用加减十三方,0
医家千字文,1
医家千字文注,0
医家十三篇妙语附诊脉要法医家诸方,0
医家四要,10
医家心法,20
医家摘要,0
医教正意,0
医节启源,0
医解,32
医界之铁椎,2
医津,9
医津一筏,5
医津筏,0
医经拨乱上下,0
医经大旨,0
医经会解,0
医经会元,0
医经会元保命奇方吴梅坡,0
医经解惑论,1
医经解惑论上下,0
医经名数,0
医经千文,0
医经朔洄集,0
医经小学六首,0
医经训诂,0
医经玉屑,1
医经原旨,39
医经正本书,10
医经正本书附杂记,0
医经种子本经,0
医经种子难经,0
医径句测,0
医镜附药镜,0
医镜四附药镜四,0
医科摘录,0
医垒元垒,0
医理精言,0
医理论集,0
医理杂编,0
医理真传医法圆通,18
医理真传四医法圆通四,0
医量附案,0
医疗手引草上编,0
医疗手引草上编乾、坤,0
医疗新书,1
医疗药方规矩,0
医林撮要,5
医林撮要续集,0
医林集要,2
医林类证集要,4
医林类症集要,0
医林蒙求,0
医林绳墨,70
医林绳墨大全,2
医林四书,0
医林心印,0
医林指月,35
医林纂要探源,29
医闾漫记,0
医闾先生集,16
医律筏,0
医略便视,0
医略抄,1
医略稿,0
医略十三篇十三附关格考人迎辨,0
医略十三篇十三附论列方关格考人迎辨,0
医略十三篇十三关格考,0
医略十三篇十三关格考人迎辨,0
医略三篇三关格考一,0
医略正误,0
医论问答,1
医门棒喝,153
医门必旨,0
医门补要,28
医门补要三附载,0
医门补要三附载一,0
医门法律,592
医门法律六附校勘记校勘续记,0
医门法律六目录首,0
医门窥观,0
医门擥要,5
医门秘旨,8
医门普度,1
医门俗说辨卷一至三,0
医门摘要,0
医门正宗,0
医囊秘术,0
医品补遗,0
医权初编二编,0
医权初编二附录,0
医山医案,0
医胜,1
医圣汉张仲景先生之碑,0
医圣阶梯,0
医圣堂丛书,0
医圣元戎,0
医剩,6
医賸,25
医賸三附录,0
医师秘笈,1
医石微,0
医史丛刊,0
医事丛刊,3
医事丛谈卷一,0
医事答问,0
医事或间,0
医事或问,1
医事惑问,0
医事启源,3
医书策略,0
医书撮要,0
医书大略统体,2
医书大全论,1
医书合撰各部家传经验,0
医书汇参辑成,2
医书家传妇科儿科,0
医书金鉴,0
医书名症国语,0
医书十二种,4
医书十六书,0
医书十六种,2
医书十六种卷七十七,0
医书性药,0
医书要字音释,0
医书要字音释卷一,0
医书杂抄,0
医术名流列传,32
医说读编,0
医说佛乘,0
医说佛来,0
医说会编,1
医说零本,0
医说附续医说,0
医说续医说,1
医说续编,0
医四书,2
医四种,0
医腾,0
医滕,0
医梯本草经,0
医通本草,0
医统正脉,81
医统正脉二百○,0
医统正脉百,0
医统正脉二百零,0
医统正脉全书,32
医统正脉全书残本,0
医统正脉全书二百,0
医觽,0
医仙图赞,0
医先,9
医效秘传,24
医效秘傅,0
医心方,438
医心方二十九,0
医心方三欠,0
医心方一·五·七·九·十,0
医学辨害,0
医学辨正,0
医学补天石,0
医学补天石伤寒补天石,0
医学初训,0
医学传灯,14
医学从众录,91
医学丛众,0
医学篡要,1
医学撮要,1
医学答问二舌鉴辨正,0
医学答问四卷舌鉴辨正,0
医学大成抄,0
医学大全略编,0
医学读书志,19
医学发明济生拔粹方天集,0
医学纲目四十卷附运气占候补遗,0
医学纲目四十附运气占候补遗,0
医学纲目四十目,0
医学钢目,1
医学钩玄,12
医学管见,35
医学汇海三十六首,0
医学汇海六首一,0
医学汇函,7
医学汇纂济世丹砂合,0
医学汇纂济世丹砂医学蒐精,0
医学会源,1
医学集成,47
医学集成一百,0
医学集要经验良方,0
医学讲谈发端辨上下,0
医学节要集,0
医学金针,1
医学举要,6
医学六事：经络篇,0
医学略则,0
医学蒙求注解,0
医学蒙求注解上下,0
医学奇疾便览,0
医学启蒙,6
医学启蒙汇编,5
医学切要全集,2
医学切要指南,0
医学求是附医案,0
医学权舆,0
医学入门编注,0
医学入门丹台玉案,0
医学入门歌,0
医学入门衡要,0
医学入门良方考,0
医学入门七首一,0
医学入门外集,6
医学入门万病衡要,3
医学三藏辨解,0
医学三书论,0
医学三脏辨解,0
医学三字经,129
医学十书即东垣十书,0
医学十书郎垣,0
医学实在易,81
医学拾遗抄,0
医学授幼钞,0
医学四要,0
医学要,43
医学碎金,4
医学统旨,3
医学问封,0
医学心镜录,0
医学心恬,0
医学心悟,798
医学续记,1
医学要则,0
医学要则上,0
医学要则四附三十种疯症,0
医学一见能,0
医学愚得提要至论,0
医学原流论,1
医学原始残,0
医学源流论,533
医学源流论二慎疾刍言,0
医学源流论二慎疾刍言一,0
医学院学范,1
医学院学范二编,0
医学真经察脉总括,0
医学正传残,0
医学正传或问,0
医学正传或问抄,0
医学正传论,0
医学正传式问,0
医学正传新编,0
医学正传医学或问,6
医学正傅凡例之钞,0
医学指南,577
医学指南捷经六书,0
医学指南捷经书,0
医学指南捷径,11
医学指南篇,0
医学指要,3
医学至要抄上下,0
医学质验五种青囊琐探,0
医学智环,0
医学准绳六要经络考一运气略一四诊法一本草选六病机部,0
医学总论,245
医学总论附,0
医学纂要六集,0
医训,7
医言灵,0
医眼方,0
医药辑览,1
医药全书,11
医药通考,0
医要集览,3
医业神章,0
医医偶录,10
医医谈,0
医医小草,0
医医小草一卷游艺略,0
医医小草游艺志略,0
医意内景图说,1
医余,4
医则发挥,0
医者の风俗,0
医针类编,0
医之辨,65
医旨续余,3
医种子即芷园医种,0
医主纪原,0
医字初训,0
医宗宝镜,2
医宗备要,0
医宗必读序目,0
医宗承启,2
医宗粹言,32
医宗己任编,30
医宗金鉴风科七四外科,0
医宗金鉴内科六外科,0
医宗金鉴伤寒论部,0
医宗法,0
医宗释疑,0
医宗说约,40
医宗说约五首,0
医宗损益,2
医宗损益并附录,0
医宗外科金鉴,0
医宗先民遗范,0
医宗摘要,1
医宗仲景考,0
宜禁本草,0
宜兴医案,0
怡堂散记,9
遗馨录,0
颐生辑要,0
疑难急症简方,5
已任编,5
艺术典,173
亦水玄珠全集,0
异疾志,0
译雪园古方选注,0
易简方论存,0
易氏医按,0
易氏医案,9
疫痧草,10
疫症集说,2
挹秀堂伤寒会纂,0
益龄单,0
益轩广训,0
益轩先生养生论,0
意解山房温疫析疑,0
翼注伤寒论,0
因是子静坐法续编,0
阴进应象大论注疏,0
银海精徽,0
银海精徼,0
银海指南,32
银海指南眼科大成,1
引痘明辨,0
引痘新法全书,3
引痘新法全书附录,0
引痘新书,1
饮善摘要,0
饮善摘要补遗,0
饮善正要,8
饮膳三要,0
饮膳正要,389
饮食书,0
饮食须知,80
胤产全书二,0
胤嗣全书研悦,0
应验眼科集成,0
婴儿论,5
婴童类萃,19
婴童类萃上中下,0
婴童类粹,0
撄宁生传,3
樱宁生五脏方,0
萤雪余话,0
营实新效方,0
瀛经堂详校医宗必读,0
影宋.新校备急千金要方,0
影宋本.新校备急千金要方,0
影宋伤寒论,0
影印本医学丛书,0
影印古本医学丛书第一集,0
痈疽辨疑论,0
痈疽辩疑论,0
痈疽毒疮,0
痈疽神秘灸经,1
痈疽神秘验方,2
痈疽神验秘方,0
痈科神书,0
永类铃方,5
永类钤方,20
用药歌诀,0
用药枢机,0
用药须知,6683
用药须知后编,0
用药须知正编,0
游仙窟,190
游相医话,0
友渔斋医话,23
有毒草本图说,0
有毒草木图说,0
又附本草万方针线,0
幼科诚书,0
幼科辑粹大成,0
幼科类萃,12
幼科秘录,0
幼科秘录卷上,0
幼科释谜,34
幼科铁镜,63
幼科小儿方,0
幼科心法要诀,25
幼科要略,23
幼科医学指南,0
幼科杂病心法要诀,13
幼科折衷,11
幼科证治全书,0
幼科证治准绳,12
幼科证治准绳九集,0
幼科证治准绳集,2
幼科指归,1
幼科指南集症,0
幼科种痘心法要旨,2
幼科准绳,4
幼幼近编,0
幼幼新书,116
幼幼新书存,0
幼幼新书四十附拾遗方,0
幼幼新书四十目,0
幼幼新书四十卷首一卷缺卷第四十,0
幼幼新书四十遗方四十、,0
余氏医述,6
虞山陈氏疫痧草,0
玉房秘诀,17
玉海,24385
玉机徽义,0
玉机微羲,1
玉机微羲残,0
玉机微义附纂名家方,0
玉机微义五十、序目,0
玉机微义五十目,0
玉机微义五十序目,0
玉楸药解,55
玉枢经,10
玉笥龙瑞方,0
聿修堂藏书目,1
聿修堂藏书目录,3
聿修堂日用丸散方拔萃,0
聿修堂书目,0
育婴家秘,37
育婴窥斑,0
育婴至宝,0
预防痘,1
喻嘉言先生伤寒抉疑十五则,0
喻嘉言先生伤寒尚论篇编次,0
喻嘉言先生伤寒尚论篇编次仲景,0
喻嘉言先生伤寒尚论篇编次仲景原文,0
喻嘉言先生伤寒尚论篇编次仲景原文附伤寒抉疑十五则附,0
喻嘉言先生伤寒尚论篇次仲景原文,0
喻嘉言先生伤寒尚论篇全书,0
喻氏三书合刻,0
喻氏三书合刻三种,0
喻氏三种合刻,0
喻氏五篇,0
喻氏医书三种,2
喻氏医书四种合刊,0
喻氏寓意草,0
喻选古方试验,9
寓意草四附校勘记,0
寓意草四附校勘记校勘续记,0
御纂医学金鉴,0
御纂医学金鉴(下转工作随记0,0
御纂医宗金鉴·订正仲景全书伤寒论注,0
御纂医宗金鉴·外科,1
御纂医宗金鉴订正仲景全书伤寒论,0
御纂医宗金鉴九十首,0
御纂医宗金鉴首和一至,0
御纂医宗全鉴,0
毓麟芝室痘科秘传,0
毓麟芝室痘科秘传玉髓经金镜录全书,0
鬻婴提要说,0
渊渊斋方函,0
元敖氏伤寒金镜录,0
元板翻刻千金方,0
元和纪用经,1
元亨疗马集,141
元亨疗马集附牛经驼经,0
元亨疗马集六图像水黄牛经合并大全二驼经一附录一,0
元亨疗马经大全,1
元亨疗牛集,0
元汇医镜,1
园华医学六种,0
园医学六种,0
原病集,0
原机启徽,0
原机启微,67
原机启微二附录,0
原机启微二附录一,0
原机启微及附录,0
原机启微集,0
原机启微集二卷附录,0
原机启微集二附录,0
原机启微集二附录一,0
原机启微上下,0
原机微启二附录,0
原幼心法,1
袁氏痘疹丛书,0
袁氏痘疹全书,0
远西医方名物考,1
愿体集,18
月令十二候赞,0
岳阳先生穴法,0
阅甫食物本草,0
越蛇论,0
云林女科秘方,0
云林神够,0
云林医圣普渡慈航,0
云林医圣增补医鉴回春,0
云岐子保命集类要,0
云岐子保命集论类要,2
云岐子论经络迎随补泻法,3
云岐子七表八里九道脉诀论并治法,1
云岐子注脉诀并方,0
运气略,0
运气论奥得助图,0
运气论奥疏钞,0
运气论奥彦解,0
运气论奥谚解,6
运气论义,0
运气衍论,0
运气要诀,4
运气易览,12
运气占候补遗,0
运气证治,8
运气纂要图说,0
杂病必法要诀,0
杂病弁要,0
杂病辨要,0
杂病补亡论,0
杂病篡要,0
杂病广要,124
杂病论识,0
杂病名医汇论,0
杂病神医,0
杂病心法要诀,33
杂病源流犀烛,645
杂病源流犀烛三首一伤寒论纲目,0
杂病证治方,0
杂病证治方论,0
杂病证治类方八册,0
杂病证治类要,0
杂病证治准绳,36
杂病治例,7
杂话初编,0
杂类名方,0
杂录,7492
杂气论,11
杂疫论,0
杂证谟,82
杂证证治类方,0
杂证准绳,0
杂症大小合参,1
杂症大小合参十首,0
杂症大小全参,0
杂症痘疹药性主治合参,1
杂症痘疹药性主治合参十二首,0
杂症会心录,30
杂症会心录NY,0
杂症良方,1
杂症要略,0
再刻曼游杂记,0
再重订伤寒集注,2
再重订伤寒集注十卷附九种,0
在雕补注释文黄帝内经素问,0
脏腑标本药式,6
脏腑经论,0
脏腑经络详解,0
脏腑性鉴,0
脏腑证治图说人镜经,2
脏腑指掌图书,2
臓腑经络详解,0
澡泉余录,0
择园辑要医书,0
增补百病辨证录,1
增补本草备要,4
增补大字幼幼集成,0
增补评注温病条辨,42
增补青囊医方捷径,0
增补日用食性,0
增补万病回春,15
增补王叔和脉诀图注定本,0
增补药性雷公炮制,0
增补医方一盘珠全集,0
增补医贯奇方,0
增补医林状元寿世保元太乙神针方,0
增补珍珠囊雷公炮制药性赋解,0
增补遵生八笺,0
增补遵生八笺增补,0
增订本草备本,0
增订本草备要,5
增订本草备要附《经络歌诀》,0
增订痘疹宝鉴,0
增订广笔记,0
增订济婴撮要首集,0
增订医宗金鉴内科七四外科六,0
增订治疔汇要,2
增定便考万病回春善本,0
增广本草纲目,10
增广大生要旨,3
增广太平惠民和剂局方,19
增广太平惠民和剂局方十目图经本草,0
增广太平惠民和剂局方十用药总论,0
增广太平惠民和剂局方图经本草,0
增广太平惠民和剂局方指南总论,0
增广校正和剂局方,1
增辑难经本义,2
增批银海精微,1
增评医方集解二十三,0
增修仁斋直指方论,0
增注类证活人书,1
增注类证活人书活人书音释一伤寒药性一,0
增注类证活人书释音一,0
增注伤寒类证百问活人书,0
增注伤寒类证活人书,0
增注太平惠民和剂局方,0
札记,29613
摘星楼台治痘全书,0
摘星楼治痘全书,1
砦草,0
张方药注,0
张景岳伤寒全书,0
张景岳新方八阵砭,0
张景岳新方汇,0
张景岳新汇,0
张景岳肿胀全书,0
张石顽金匮解抄,0
张氏类经,3
张氏医书种,0
张氏医通,722
张氏医通存卷一,0
张氏医通种,0
张氏医通伤寒古鉴二卷附舌鉴,0
张氏医通伤寒舌鉴上下,0
张氏医通十六,1
张氏医通十六序目,0
张氏医通医案,0
张氏医通纂要,1
张志聪伤寒集注,0
张仲景金匮要略,137
张仲景金匮要略论注,0
张仲景伤寒六经辨证治法,0
张仲景伤寒论辨证广注,0
张仲景伤寒论贯珠集,0
张仲景伤寒论原文浅注,2
张仲景伤寒论证治发明溯源集,0
张仲景伤寒原方发明,0
张仲景先生伤寒一百十三方发明,0
张仲景先生伤寒一一三方发明,0
张仲景注解伤寒百证歌,1
张仲景注解伤寒发微论,2
张仲景注解伤寒证歌,0
张子和心镜别集,2
彰明附子记,3
掌部脉法全图,0
掌中备急方,0
掌中麻疹方,0
掌中妙药奇方上中下,0
帐中方,0
帐中遗稿,2
瘴疟指南,10
折肱漫录,14
针方六集,36
针方集,0
针经节要,2
针经节要即济生拔粹方第,0
针经摘英集,21
针经摘英集即济生拔粹方第,0
针经指南,86
针经指南一附针灸杂说一新刊庄季裕编灸膏肓腧穴法一,0
针灸阿是要穴,0
针灸拔萃大成,0
针灸备要,5
针灸初心钞上中下,0
针灸极秘传,0
针灸集书,2
针灸甲乙经,1006
针灸甲乙经残本,0
针灸甲乙经卷一至卷三,0
针灸甲乙经附勘误表,0
针灸节要,9
针灸节要.针灸聚英,0
针灸节要聚英,5
针灸捷法大全,0
针灸捷洁大全,0
针灸经考异,0
针灸经验方,4
针灸菁华,1
针灸聚英发挥,1
针灸疗注经穴证治备政,0
针灸取穴图,0
针灸三种,9
针灸十四经穴治疗诀,0
针灸腧穴图谱,9
针灸说约,8
针灸四书,35
针灸四种,0
针灸素难要旨,12
针灸问答,12
针灸问对,108
针灸学手册,26
针灸要法,0
针灸要旨,2
针灸则,6
针灸择日编集,0
针灸摘英集,2
针灸知要一言,0
针灸指掌,1
针灸重宝记纲目,0
针灸资生经,238
针论一卷附日庸俞穴录,0
针书,4
针医参补写经大全,0
针炙大成,16
针炙甲乙经皇甫谧集,0
针炙要旨,0
针炙择日编集,0
珍珠囊附脉诀理玄秘要,0
珍珠囊药性赋,13
珍珠囊指掌补遣药性赋,0
真本千金方,4
真福寺所藏甘草丸等方,0
诊病奇侅,8
诊断学汇编,0
诊骨篇补证附慈溪刘廷桢中西骨格辨正附,0
诊极图说,0
诊家枢要,40
诊家枢要.樱宁生传合刻,0
诊家枢要附诸脉条辨附,0
诊家枢要诀宁生传合刻,0
诊家正服,0
诊家正眼,50
诊家直诀,11
诊筋篇补证附十二筋病表附,0
诊脉发药医按,0
诊脉三十二辨,2
诊脉须知,0
诊脉要捷,0
诊翼,1
诊余举偶录,0
诊余举隅录,11
枕上三字诀,0
疹痘家传国音,0
疹痘科,0
疹痘秘传,0
疹痘诸书抄录,0
疹科,5
疹科精义录,0
疹科治法纲,0
疹科纂要,0
疹科纂要一面,0
徵疮茶谈,0
徵疮约言,0
徵疮证治秘誉,0
徵疮之部,0
徵毒要方,0
徵疠新书,0
徵士洄溪府君自序,0
拯急遗方,0
整骨新书,0
正传或问,0
正传或问抄,0
正骨范,2
正骨范附:正骨,0
正骨心法要诀,2
正骨心法要旨,89
正人明堂之图，伏人明堂之图，侧人明堂之图，人身五脏之图共4图,0
正体类要,83
正体类要:小儿痘疹方,0
正体类要二口齿类要一疠疡机要三,0
证活要诀类方,0
证类伤寒活人书括,0
证类伤寒活人书括序例共,0
证脉方药合编,0
证脉截江纲,0
证脉截江网,0
证治百问上,0
证治本草,1
证治辨疑上下,0
证治大还,5
证治大还摘抄,0
证治汇补,448
证治明识,0
证治要诀、证治类方,0
证治要诀类方,5
证治针经,4
证治指南类方,0
证治准绳二十六卷(有缺),0
证治准绳八册,0
证治准绳册,0
证治准绳八册杂病证治类方八册伤寒证治准绳八帙疡医准绳,0
证治准绳之七摘抄,0
证治准绳六集,0
证治准绳六种,0
郑氏薛医产科,0
政和本草,37
政和经史证类备用本草序例,1
政和经史证类备用本草照相片,0
政和圣济总录二百,0
政和新修经史证类备用本草序例,0
支氏痘疹玄机,0
芝田余居士证论选奇方后集,0
知足斋永田先生遗稿,0
肢气辨证,0
直解指南药性赋,1
直星行年及名医经验方谚录,0
直斋书录解题,2992
植兰十五则,0
植物名实图考长编,236
植物名实图考三八长编二二,0
植物名实图说长编目录、图考目录、,0
芷图医方种子伤寒方,0
芷园覆余,0
芷园日记,0
芷园素社痎疟论疏《芷园素社痎疟疏方》,0
芷园素社疟论疏,0
芷园医种金匮要略,0
芷园医种子,0
芷园臆草,2
芷园臆草存案,2
芷园臆草覆余,0
芷园臆草覆馀日记题药勘方存案,0
芷园臆草勘方,0
芷园臆草题药,0
枳园高阶先生医事随笔拔钞,0
志都能石屋讲本,0
制大黄丸方,1
治病药,3
治病针法,0
治虫新方,0
治痘大成集,0
治痘大全,0
治痘方函,0
治痘家传,0
治痘经验,0
治痘科,0
治痘口诀,0
治痘十全,1
治痘新方备用良方,0
治痘新书,0
治痘要方,0
治法汇,1
治风痹症,0
治痢经验,6
治痢新书,0
治疗汇要,3
治痧要略,1
治痧要略上下,0
治伤寒全书研悦,0
治万病坐功诀,0
治瘟编,0
治瘟编补,0
治小儿各症病赋脉论,0
治眼疾,15
治杂病家传国语歌,0
治杂症方研悦,0
治杂症验方研悦,0
治症附杂病验方,0
治肿秘方,0
治肿秘方附救急良方,0
炙点图解,0
炙膏逾穴法,0
炙炮全书,0
炙盐土传,0
质问本草,23
质问本草4(外篇)4(附京)1,0
质问本草略附中山草木吕宏照药品答,0
质问本草内篇卷之一至四、外篇卷之一至四、附录质问品目志,0
质问本草内篇四外篇四附录,0
致富全书,39
瘈狗伤考,0
中藏经附内照法,0
中藏经三附方内照法,0
中藏景,0
中国实用药物学,0
中国医学初桄,0
中国医学史,1332
中国医学史十二章,0
中国医药八杰图,0
中国医药入门丛书产科入门,0
中条带刀家传产前后秘方,0
中条流产科全书,0
中西辨证医经精义,0
中西汇通医经精义,86
中西汇通医书五种,10
中西医粹,3
中西医学全书,0
中西医学入门,0
中兴以来绝妙词选,92
中越药性合编,0
中脏经三附方,0
钟奇斋药录,0
螽斯篇,3
肿胀要诀,0
种痘必顺辨,0
种痘辨,0
种痘辨义,0
种痘辩疑,0
种痘法,5
种痘方法,0
种痘龟鉴,0
种痘紧辖,0
种痘书,0
种痘心法,8
种痘心法第九集,0
种痘心法要旨,3
种痘真傅,0
种痘指掌,4
种福堂公选良方兼刻古吴名医精论,0
种福堂公选良方三附温热论,0
种福堂公选温热论医案附良方,0
种福堂精选良方兼刻古吴名医精论,0
种杏编,0
种药疏,0
种子保胎附三字经,0
种子全编,0
种子心法,1
仲景归真,5
仲景脉则,0
仲景全书计,0
仲景伤寒补亡论,28
众方规矩大成方解上中下,0
众方规矩三卷附录,0
众妙仙方,3
重编伤寒必用运气全书,0
重编医经小学,2
重雕宋刻伤寒总病论札记,0
重订本草纲目,12
重订产孕集,1
重订济阴纲目,1
重订骆龙吉内经拾遗方论,1
重订苏沈良法,0
重订唐王焘先生外台秘要方,0
重订外科正宗,0
重订医学六要,0
重订婴童百问,0
重订肘后百一方,1
重订肘后百方八附序目,0
重广补助黄帝内经素问,0
重广补注黄帝内经素问四附遗篇灵枢,0
重广补注黄帝内经素问释义,0
重集读素问钞九补遗,0
重镌注解仲景伤寒百证歌发微论,0
重刊巢氏诸病源侯总论,0
重刊经史证类大全本草,2
重刊经验良方,0
重刊类证本草序例,0
重刊明医杂著,0
重刊孙真人备急千金要方,4
重刊孙真人备急千金要方目共,0
重刊孙真人备急千金要方三十目录,0
重刊医方集解,0
重刻补遗秘传痘疹玉髓金镜录,0
重刻痰火点雪,0
重刻万氏家传济世良方,1
重刻轩岐救正论,0
重刻增补简便验方,0
重刻增补医学源流肯綮大成,0
重刻张凤逵伤暑全书,0
重楼玉钥,86
重楼玉钥喉科指南,0
重庆堂随笔,96
重校补注黄帝素问玄机原病式,0
重校补注素问玄机源病式,0
重校痘科辨要,0
重校宋窦太师疮疡经验全书,2
重校太平惠民和剂局方,0
重校汤头歌诀,0
重校证活人书,2
重修本草纲目启蒙,0
重修经史证类大全本草,0
重修证和经史证类备用本草,8
重修证治准绳,0
重修政和经史备用本草,2
重修政和经史证类备用本草,1092
重修植物名实图考,3
重证本草单方,0
重梓常山舒元贵先生医方启蒙,0
周澂之校刻医学丛书十二种附评注医书所箸医书,0
周官医职,0
周官医职附:医疾令一,0
周监方,0
周刻医学丛书,0
周礼医官详说,0
周氏汇刻医学丛书,0
周氏汇刻医学丛书初集百,0
周氏医学丛书三集,0
朱丹溪先生产宝,0
朱氏三方的,0
诸病论,0
诸病脉神章,0
诸病营养疗法,0
诸病主药十四经穴分寸歌五脏六腑变化傍通诀,0
诸虫针治论,0
诸家经验方,0
诸家经验方选,0
诸品药石炮制总论,0
诸氏遗书,2
诸证辨疑录,0
诸证辩疑,0
诸证类部,0
诸症辨疑录,0
诸症要方歌括,0
诸州采药记,0
诸州采药记抄,0
主治针法上中下,0
注能毒,0
注评薛氏医案,0
注释伤寒论义大成十八首末,0
祝由科,22
铸世青编,0
资蒙医经,1
资蒙医径,1
资生集,3
滋德堂类集经验良方,0
滋德堂类集试验良方,0
子华子医道篇注,0
子午经,0
子玄子产改,0
紫虚崔真人脉诀秘旨,0
自得方,176
总药歌诀家传,0
总纂诸氏方治,0
纂辑医史,0
纂图方论脉诀集成,0
纂图附音增广古注千字文,5
纂修医学入门,0
纂言方考评议,0
尊生八笺,9
遵生八笺摘抄,0
佐治药言,314
作剂鉴,0
坐婆训解,0

